[
{
   "model": "contenttypes.contenttype",
   "pk": 1,
   "fields": {
      "app_label": "admin",
      "model": "logentry"
   }
},
{
   "model": "contenttypes.contenttype",
   "pk": 2,
   "fields": {
      "app_label": "auth",
      "model": "permission"
   }
},
{
   "model": "contenttypes.contenttype",
   "pk": 3,
   "fields": {
      "app_label": "auth",
      "model": "group"
   }
},
{
   "model": "contenttypes.contenttype",
   "pk": 4,
   "fields": {
      "app_label": "auth",
      "model": "user"
   }
},
{
   "model": "contenttypes.contenttype",
   "pk": 5,
   "fields": {
      "app_label": "contenttypes",
      "model": "contenttype"
   }
},
{
   "model": "contenttypes.contenttype",
   "pk": 6,
   "fields": {
      "app_label": "sessions",
      "model": "session"
   }
},
{
   "model": "contenttypes.contenttype",
   "pk": 7,
   "fields": {
      "app_label": "landing",
      "model": "subscriber"
   }
},
{
   "model": "contenttypes.contenttype",
   "pk": 8,
   "fields": {
      "app_label": "orders",
      "model": "status"
   }
},
{
   "model": "contenttypes.contenttype",
   "pk": 9,
   "fields": {
      "app_label": "orders",
      "model": "order"
   }
},
{
   "model": "contenttypes.contenttype",
   "pk": 10,
   "fields": {
      "app_label": "orders",
      "model": "productinorder"
   }
},
{
   "model": "contenttypes.contenttype",
   "pk": 11,
   "fields": {
      "app_label": "products",
      "model": "product_image"
   }
},
{
   "model": "contenttypes.contenttype",
   "pk": 12,
   "fields": {
      "app_label": "products",
      "model": "product"
   }
},
{
   "model": "contenttypes.contenttype",
   "pk": 13,
   "fields": {
      "app_label": "products",
      "model": "productimage"
   }
},
{
   "model": "contenttypes.contenttype",
   "pk": 14,
   "fields": {
      "app_label": "products",
      "model": "productcategory"
   }
},
{
   "model": "contenttypes.contenttype",
   "pk": 15,
   "fields": {
      "app_label": "orders",
      "model": "productinbasket"
   }
},
{
   "model": "sessions.session",
   "pk": "1ezmvyiynxvnu44ivprek9zeuk0h7pcb",
   "fields": {
      "session_data": "NDEyNzBiYTliZDBmMDk3ZGVjZTQ5MTUyYWIxZWIzY2QyOTIxY2E4MTp7Il9hdXRoX3VzZXJfaWQiOiIxIiwiX2F1dGhfdXNlcl9iYWNrZW5kIjoiZGphbmdvLmNvbnRyaWIuYXV0aC5iYWNrZW5kcy5Nb2RlbEJhY2tlbmQiLCJfYXV0aF91c2VyX2hhc2giOiI3MTQ5NTk1ZWM1MDg2YjEyMzkyYzYzMTE5MGFiNDBmYmZlMGIwZmI1In0=",
      "expire_date": "2018-11-14T15:38:58.498Z"
   }
},
{
   "model": "sessions.session",
   "pk": "6djiyxjxgbsozyft3zazyxqn4bzw5byh",
   "fields": {
      "session_data": "MTM5NTY4MzlhMzZkMTE1YmQyZDE0OTExNDM4ODcyOTYxMjRjYWVkZTp7fQ==",
      "expire_date": "2018-10-24T21:16:43.881Z"
   }
},
{
   "model": "sessions.session",
   "pk": "bab44gjn9leqirunzkwotx1cwb3cukwq",
   "fields": {
      "session_data": "NDEyNzBiYTliZDBmMDk3ZGVjZTQ5MTUyYWIxZWIzY2QyOTIxY2E4MTp7Il9hdXRoX3VzZXJfaWQiOiIxIiwiX2F1dGhfdXNlcl9iYWNrZW5kIjoiZGphbmdvLmNvbnRyaWIuYXV0aC5iYWNrZW5kcy5Nb2RlbEJhY2tlbmQiLCJfYXV0aF91c2VyX2hhc2giOiI3MTQ5NTk1ZWM1MDg2YjEyMzkyYzYzMTE5MGFiNDBmYmZlMGIwZmI1In0=",
      "expire_date": "2018-10-26T09:10:33.239Z"
   }
},
{
   "model": "sessions.session",
   "pk": "ecbz9vlrrijgggrvyvrqf3lmim3g6pdh",
   "fields": {
      "session_data": "MTM5NTY4MzlhMzZkMTE1YmQyZDE0OTExNDM4ODcyOTYxMjRjYWVkZTp7fQ==",
      "expire_date": "2018-10-24T21:16:34.311Z"
   }
},
{
   "model": "sessions.session",
   "pk": "kpzl1k0stqg36kumzcua2j75kgamv0rh",
   "fields": {
      "session_data": "MTM5NTY4MzlhMzZkMTE1YmQyZDE0OTExNDM4ODcyOTYxMjRjYWVkZTp7fQ==",
      "expire_date": "2018-11-12T19:06:16.933Z"
   }
},
{
   "model": "sessions.session",
   "pk": "nqq7wf2dq0lomsqohnv7h049ib3aljji",
   "fields": {
      "session_data": "NDEyNzBiYTliZDBmMDk3ZGVjZTQ5MTUyYWIxZWIzY2QyOTIxY2E4MTp7Il9hdXRoX3VzZXJfaWQiOiIxIiwiX2F1dGhfdXNlcl9iYWNrZW5kIjoiZGphbmdvLmNvbnRyaWIuYXV0aC5iYWNrZW5kcy5Nb2RlbEJhY2tlbmQiLCJfYXV0aF91c2VyX2hhc2giOiI3MTQ5NTk1ZWM1MDg2YjEyMzkyYzYzMTE5MGFiNDBmYmZlMGIwZmI1In0=",
      "expire_date": "2018-10-10T15:47:25.605Z"
   }
},
{
   "model": "landing.subscriber",
   "pk": 1,
   "fields": {
      "email": "tok29@i.ua",
      "name": "Sasha"
   }
},
{
   "model": "landing.subscriber",
   "pk": 2,
   "fields": {
      "email": "tok29@i.ua",
      "name": "s"
   }
},
{
   "model": "landing.subscriber",
   "pk": 3,
   "fields": {
      "email": "my@i.ua",
      "name": "Vlad"
   }
},
{
   "model": "landing.subscriber",
   "pk": 4,
   "fields": {
      "email": "tret@i.ua",
      "name": "Petro"
   }
},
{
   "model": "landing.subscriber",
   "pk": 7,
   "fields": {
      "email": "Artem@i.ia",
      "name": "Artem"
   }
},
{
   "model": "landing.subscriber",
   "pk": 8,
   "fields": {
      "email": "alexfake@fake.ru",
      "name": "Alex"
   }
},
{
   "model": "landing.subscriber",
   "pk": 9,
   "fields": {
      "email": "tok29@i.uar",
      "name": "Reww"
   }
},
{
   "model": "landing.subscriber",
   "pk": 10,
   "fields": {
      "email": "tok29@i.ua",
      "name": "12"
   }
},
{
   "model": "landing.subscriber",
   "pk": 11,
   "fields": {
      "email": "qwe@ukr.net",
      "name": "Dmitr"
   }
},
{
   "model": "landing.subscriber",
   "pk": 12,
   "fields": {
      "email": "tok29@i.ua",
      "name": "123"
   }
},
{
   "model": "landing.subscriber",
   "pk": 13,
   "fields": {
      "email": "tok29@i.ua",
      "name": "123"
   }
},
{
   "model": "landing.subscriber",
   "pk": 14,
   "fields": {
      "email": "12@y.net",
      "name": "Petro"
   }
},
{
   "model": "landing.subscriber",
   "pk": 15,
   "fields": {
      "email": "12@y.net",
      "name": "Petro"
   }
},
{
   "model": "landing.subscriber",
   "pk": 16,
   "fields": {
      "email": "tok29@i.ua",
      "name": "1234"
   }
},
{
   "model": "landing.subscriber",
   "pk": 17,
   "fields": {
      "email": "otytt@ukr.ne",
      "name": "Farty"
   }
},
{
   "model": "landing.subscriber",
   "pk": 18,
   "fields": {
      "email": "tok29@i.ua",
      "name": "uoio"
   }
},
{
   "model": "landing.subscriber",
   "pk": 19,
   "fields": {
      "email": "toooooooooooook29@i.ua",
      "name": "Nikiya"
   }
},
{
   "model": "landing.subscriber",
   "pk": 20,
   "fields": {
      "email": "tok29@i.ua",
      "name": "56"
   }
},
{
   "model": "landing.subscriber",
   "pk": 21,
   "fields": {
      "email": "tok29@i.ua",
      "name": "56"
   }
},
{
   "model": "landing.subscriber",
   "pk": 22,
   "fields": {
      "email": "wefwfwe@o.iu",
      "name": "123"
   }
},
{
   "model": "orders.status",
   "pk": 1,
   "fields": {
      "name": "\u041d\u043e\u0432\u044b\u0439",
      "is_active": true,
      "created": "2018-09-23T12:35:35.352Z",
      "updated": "2018-09-23T12:35:35.352Z"
   }
},
{
   "model": "orders.status",
   "pk": 2,
   "fields": {
      "name": "\u0412 \u0440\u0430\u0431\u043e\u0442\u0435",
      "is_active": true,
      "created": "2018-09-23T12:35:44.810Z",
      "updated": "2018-09-23T12:35:44.810Z"
   }
},
{
   "model": "orders.status",
   "pk": 3,
   "fields": {
      "name": "\u041e\u0442\u043c\u0435\u043d\u0435\u043d",
      "is_active": true,
      "created": "2018-09-23T12:36:01.159Z",
      "updated": "2018-09-23T12:36:01.159Z"
   }
},
{
   "model": "orders.status",
   "pk": 4,
   "fields": {
      "name": "\u0417\u0430\u043a\u0440\u044b\u0442",
      "is_active": true,
      "created": "2018-09-23T12:36:08.371Z",
      "updated": "2018-09-23T12:36:08.371Z"
   }
},
{
   "model": "orders.productinbasket",
   "pk": 17,
   "fields": {
      "session_key": "nqq7wf2dq0lomsqohnv7h049ib3aljji",
      "order": null,
      "product": 3,
      "nmb": 18,
      "price_per_item": "195.00",
      "total_price": "3510.00",
      "is_active": true,
      "created": "2018-09-30T12:08:33.393Z",
      "updated": "2018-09-30T18:19:20.581Z"
   }
},
{
   "model": "orders.productinbasket",
   "pk": 18,
   "fields": {
      "session_key": "nqq7wf2dq0lomsqohnv7h049ib3aljji",
      "order": null,
      "product": 2,
      "nmb": 14,
      "price_per_item": "170.00",
      "total_price": "2380.00",
      "is_active": true,
      "created": "2018-09-30T12:44:33.488Z",
      "updated": "2018-09-30T16:37:09.510Z"
   }
},
{
   "model": "orders.productinbasket",
   "pk": 19,
   "fields": {
      "session_key": "nqq7wf2dq0lomsqohnv7h049ib3aljji",
      "order": null,
      "product": 5,
      "nmb": 2,
      "price_per_item": "95.00",
      "total_price": "190.00",
      "is_active": true,
      "created": "2018-09-30T13:59:37.440Z",
      "updated": "2018-09-30T13:59:37.440Z"
   }
},
{
   "model": "orders.productinbasket",
   "pk": 20,
   "fields": {
      "session_key": "nqq7wf2dq0lomsqohnv7h049ib3aljji",
      "order": null,
      "product": 11,
      "nmb": 2,
      "price_per_item": "120.00",
      "total_price": "240.00",
      "is_active": true,
      "created": "2018-09-30T14:03:17.243Z",
      "updated": "2018-09-30T14:03:17.243Z"
   }
},
{
   "model": "orders.productinbasket",
   "pk": 21,
   "fields": {
      "session_key": "8lufffak1puao1kw0nbm7ylcw78gd8kq",
      "order": null,
      "product": 3,
      "nmb": 18,
      "price_per_item": "195.00",
      "total_price": "3510.00",
      "is_active": true,
      "created": "2018-10-10T20:43:35.675Z",
      "updated": "2018-10-12T09:09:47.632Z"
   }
},
{
   "model": "orders.productinbasket",
   "pk": 22,
   "fields": {
      "session_key": "8lufffak1puao1kw0nbm7ylcw78gd8kq",
      "order": null,
      "product": 7,
      "nmb": 5,
      "price_per_item": "155.00",
      "total_price": "775.00",
      "is_active": true,
      "created": "2018-10-10T20:43:56.365Z",
      "updated": "2018-10-10T20:44:00.987Z"
   }
},
{
   "model": "orders.productinbasket",
   "pk": 23,
   "fields": {
      "session_key": "8lufffak1puao1kw0nbm7ylcw78gd8kq",
      "order": null,
      "product": 2,
      "nmb": 11,
      "price_per_item": "170.00",
      "total_price": "1870.00",
      "is_active": true,
      "created": "2018-10-10T21:28:41.129Z",
      "updated": "2018-10-11T09:38:48.091Z"
   }
},
{
   "model": "orders.productinbasket",
   "pk": 24,
   "fields": {
      "session_key": "8lufffak1puao1kw0nbm7ylcw78gd8kq",
      "order": null,
      "product": 11,
      "nmb": 1,
      "price_per_item": "120.00",
      "total_price": "120.00",
      "is_active": true,
      "created": "2018-10-11T09:35:02.200Z",
      "updated": "2018-10-11T09:35:02.200Z"
   }
},
{
   "model": "orders.productinbasket",
   "pk": 25,
   "fields": {
      "session_key": "bab44gjn9leqirunzkwotx1cwb3cukwq",
      "order": null,
      "product": 3,
      "nmb": 4,
      "price_per_item": "195.00",
      "total_price": "780.00",
      "is_active": true,
      "created": "2018-10-18T08:06:06.320Z",
      "updated": "2018-10-18T08:06:10.329Z"
   }
},
{
   "model": "orders.productinbasket",
   "pk": 26,
   "fields": {
      "session_key": "bab44gjn9leqirunzkwotx1cwb3cukwq",
      "order": null,
      "product": 2,
      "nmb": 17,
      "price_per_item": "170.00",
      "total_price": "2890.00",
      "is_active": true,
      "created": "2018-10-18T08:39:09.948Z",
      "updated": "2018-10-25T07:55:14.440Z"
   }
},
{
   "model": "orders.productinbasket",
   "pk": 27,
   "fields": {
      "session_key": "kpzl1k0stqg36kumzcua2j75kgamv0rh",
      "order": null,
      "product": 3,
      "nmb": 12,
      "price_per_item": "195.00",
      "total_price": "2340.00",
      "is_active": true,
      "created": "2018-10-29T19:06:29.543Z",
      "updated": "2018-10-29T19:06:29.543Z"
   }
},
{
   "model": "orders.productinbasket",
   "pk": 28,
   "fields": {
      "session_key": "1ezmvyiynxvnu44ivprek9zeuk0h7pcb",
      "order": null,
      "product": 3,
      "nmb": 2,
      "price_per_item": "195.00",
      "total_price": "390.00",
      "is_active": true,
      "created": "2018-10-31T15:49:59.225Z",
      "updated": "2018-10-31T15:53:50.833Z"
   }
},
{
   "model": "products.productcategory",
   "pk": 1,
   "fields": {
      "name": "\u0410\u044d\u0440\u043e\u0437\u043e\u043b\u044c\u043d\u0430\u044f \u043a\u0440\u0430\u0441\u043a\u0430",
      "is_active": true
   }
},
{
   "model": "products.productcategory",
   "pk": 2,
   "fields": {
      "name": "\u041c\u0430\u0440\u043a\u0435\u0440",
      "is_active": true
   }
},
{
   "model": "products.product",
   "pk": 1,
   "fields": {
      "product_name": "OTR 070 HARDTOBUFF",
      "price": "190.00",
      "discount": 0,
      "category": 2,
      "description": "\u0429\u0435 \u0443 1998 \u0440\u043e\u0446\u0456 OTR.070 HARD TO BUFF \u0441\u0442\u0430\u0432 \u0440\u0435\u0432\u043e\u043b\u044e\u0446\u0456\u0454\u044e, \u0456 \u0432\u0456\u043d \u0434\u043e\u0441\u0456 \u0454 \u043d\u0435\u0437\u0430\u043f\u0435\u0440\u0435\u0447\u043d\u043e\u044e \u043a\u043b\u0430\u0441\u0438\u043a\u043e\u044e \u0441\u0435\u0440\u0435\u0434 \u043c\u0430\u0440\u043a\u0435\u0440\u0456\u0432 \u0434\u043b\u044f \u0433\u0440\u0430\u0444\u0444\u0456\u0442\u0456.\r\n\r\nHARD TO BUFF \u0446\u0435 \u0430\u0431\u0441\u043e\u043b\u044e\u0442\u043d\u0430 \u043d\u0435\u043f\u0440\u043e\u0437\u043e\u0440\u0456\u0441\u0442\u044c, \u043f\u0435\u0440\u043c\u0430\u043d\u0435\u043d\u0442\u043d\u0456\u0441\u0442\u044c \u0442\u0430 \u0431\u0430\u0433\u0430\u0442\u043e \u043d\u0430\u0441\u043e\u043b\u043e\u0434\u0438. \u0414\u043b\u044f \u0442\u0438\u0445, \u043a\u043e\u043c\u0443 \u0439\u043e\u0433\u043e \u0434\u043e\u0432\u0435\u0434\u0435\u0442\u044c\u0441\u044f \u0441\u0442\u0438\u0440\u0430\u0442\u0438 \u2013 \u0446\u0435 \u043a\u043e\u0448\u043c\u0430\u0440. \u0413\u043b\u0438\u0431\u043e\u043a\u0438\u0439 \u0447\u043e\u0440\u043d\u0438\u0439 \u043a\u043e\u043b\u0456\u0440, \u0432\u0438\u0441\u043e\u043a\u043e \u043f\u0456\u0433\u043c\u0435\u043d\u0442\u043e\u0432\u0430\u043d\u0456 \u0456 \u0443\u043b\u044c\u0442\u0440\u0430-\u0441\u0442\u0456\u0439\u043a\u0456 \u0447\u043e\u0440\u043d\u0438\u043b\u0430 \u0432 \u043f\u043e\u0454\u0434\u043d\u0430\u043d\u043d\u0456 \u0437 \u043b\u0435\u0433\u043a\u043e \u0440\u0435\u0433\u0443\u043b\u044c\u043e\u0432\u0430\u043d\u0438\u043c \u043a\u043b\u0430\u043f\u0430\u043d\u043e\u043c, \u043c\u0456\u0446\u043d\u0435 \u0432\u0438\u0441\u043e\u043a\u043e\u044f\u043a\u0456\u0441\u043d\u0435 \u0447\u0443\u0442\u043b\u0438\u0432\u0435 \u0436\u0430\u043b\u043e, \u0442\u0432\u0435\u0440\u0434\u0438\u0439 \u043a\u043e\u0440\u043f\u0443\u0441 \u0431\u0430\u0433\u0430\u0442\u043e\u0440\u0430\u0437\u043e\u0432\u043e\u0433\u043e \u0432\u0438\u043a\u043e\u0440\u0438\u0441\u0442\u0430\u043d\u043d\u044f \u0456 \u0449\u0456\u043b\u044c\u043d\u0438\u0439 \u043a\u043e\u0432\u043f\u0430\u0447\u043e\u043a \u2013 \u0442\u0435, \u0449\u043e \u0440\u043e\u0431\u0438\u0442\u044c OTR.070 \u0441\u043f\u0440\u0430\u0432\u0436\u043d\u0456\u043c \u0448\u0435\u0434\u0435\u0432\u0440\u043e\u043c \u0443 \u0441\u0432\u0456\u0442\u0456 \u043c\u0430\u0440\u043a\u0435\u0440\u0456\u0432 \u0434\u043b\u044f \u0433\u0440\u0430\u0444\u0444\u0456\u0442\u0456.",
      "is_active": true,
      "created": "2018-09-23T11:53:09.396Z",
      "updated": "2018-09-24T21:58:13.301Z"
   }
},
{
   "model": "products.product",
   "pk": 2,
   "fields": {
      "product_name": "OTR 084 CALLIGRAFFITI",
      "price": "170.00",
      "discount": 0,
      "category": 2,
      "description": "\u0426\u0435\u0439 \u043c\u0430\u0440\u043a\u0435\u0440 \u0440\u043e\u0437\u0440\u043e\u0431\u043b\u0435\u043d\u0438\u0439 \u0443 \u0441\u043f\u0456\u0432\u043f\u0440\u0430\u0446\u0456 \u0437 \u0432\u0441\u0435\u0441\u0432\u0456\u0442\u043d\u044c\u043e \u0432\u0456\u0434\u043e\u043c\u0438\u043c Calligraffiti \u043c\u0430\u0439\u0441\u0442\u0440\u043e\u043c \u041d\u0456\u043b\u044c\u0437\u043e\u043c Shoe \u041c\u0443\u043b\u044c\u043c\u0430\u043d\u043e\u043c. \u0417\u0430\u0432\u0434\u044f\u043a\u0438 \u0436\u0430\u043b\u0443 Calligraffiti \u0449\u043e \u043c\u0430\u0454 \u0442\u043e\u0447\u043d\u0438\u0439 \u0437\u0440\u0456\u0437 \u0443 45 \u0433\u0440\u0430\u0434\u0443\u0441\u0456\u0432, \u043c\u043e\u0436\u043d\u0430 \u043b\u0435\u0433\u043a\u043e \u0440\u043e\u0431\u0438\u0442\u0438 \u0435\u043a\u0441\u043f\u0440\u0435\u0441\u0438\u0432\u043d\u0443 \u043a\u0430\u043b\u0456\u0433\u0440\u0430\u0444\u0456\u044e \u0446\u0438\u043c \u043c\u0430\u0440\u043a\u0435\u0440\u043e\u043c. \u0426\u0435 \u0434\u0443\u0436\u0435 \u043c\u0456\u0446\u043d\u0435 \u0436\u0430\u043b\u043e, \u0449\u043e \u0432\u0438\u0440\u043e\u0431\u043b\u044f\u0454\u0442\u044c\u0441\u044f \u0432\u0438\u043a\u043b\u044e\u0447\u043d\u043e \u0432 \u042f\u043f\u043e\u043d\u0456\u0457 \u0437\u0430 \u0441\u043f\u0435\u0446\u0456\u0430\u043b\u044c\u043d\u043e\u044e \u0442\u0435\u0445\u043d\u043e\u043b\u043e\u0433\u0456\u0454\u044e.\r\n\r\n\u041e\u0441\u043d\u043e\u0432\u043d\u0438\u0439 \u043a\u043e\u043c\u043f\u043e\u043d\u0435\u043d\u0442 \u043c\u0430\u0440\u043a\u0435\u0440\u0430 \u0446\u0435 \u0447\u043e\u0440\u043d\u0438\u043b\u043e OTR.084 FLOWPEN, \u0449\u043e \u0434\u043e\u0431\u0440\u0435 \u0437\u0430\u0440\u0435\u043a\u043e\u043c\u0435\u043d\u0434\u0443\u0432\u0430\u043b\u043e \u0441\u0435\u0431\u0435 \u0456 \u0432\u0438\u0433\u043e\u0442\u043e\u0432\u043b\u044f\u0454\u0442\u044c\u0441\u044f \u0432 \u041d\u0456\u043c\u0435\u0447\u0447\u0438\u043d\u0456. \u0427\u043e\u0440\u043d\u0438\u043b\u043e \u0442\u0440\u043e\u0445\u0438 \u043f\u0440\u043e\u0437\u043e\u0440\u0435 \u043d\u0430 \u0433\u043b\u0430\u0434\u043a\u0438\u0445 \u043f\u043e\u0432\u0435\u0440\u0445\u043d\u044f\u0445, \u0442\u0430 \u0449\u0456\u043b\u044c\u043d\u0435 \u043d\u0430 \u043f\u043e\u0440\u0438\u0441\u0442\u0438\u0445.\r\n\r\nFlow Control Pump TechnologiesTM \u0446\u0435 \u0443\u043d\u0456\u043a\u0430\u043b\u044c\u043d\u0430 \u0441\u0438\u0441\u0442\u0435\u043c\u0430 \u0434\u043b\u044f \u043c\u0430\u0440\u043a\u0435\u0440\u0456\u0432 \u0437 \u0434\u0443\u0436\u0435 \u043f\u043b\u0430\u0432\u043d\u0438\u043c \u0440\u0443\u0445\u043e\u043c \u043a\u043b\u0430\u043f\u0430\u043d\u0430, \u0440\u043e\u0437\u0440\u043e\u0431\u043b\u0435\u043d\u0430 \u0431\u0440\u0435\u043d\u0434\u043e\u043c OTR. \u041b\u0435\u0433\u043a\u043e \u043a\u043e\u043d\u0442\u0440\u043e\u043b\u044e\u0454\u0442\u044c\u0441\u044f \u0432\u0456\u0434\u043f\u043e\u0432\u0456\u0434\u043d\u0438\u043c \u0442\u0438\u0441\u043a\u043e\u043c \u043d\u0430 \u0436\u0430\u043b\u043e, \u0447\u0438\u043c \u0434\u043e\u0441\u044f\u0433\u0430\u0454\u0442\u044c\u0441\u044f \u043f\u043e\u0442\u0440\u0456\u0431\u043d\u0438\u0439 \u0435\u0444\u0435\u043a\u0442: \u0447\u0438 \u0442\u043e \u0441\u043e\u043a\u043e\u0432\u0438\u0442\u0456 \u0442\u0435\u0433\u0438 \u0437 \u0434\u043e\u0432\u0433\u0438\u043c\u0438 \u043f\u0430\u0442\u044c\u043e\u043a\u0430\u043c\u0438, \u0447\u0438 \u0442\u043e \u0447\u0456\u0442\u043a\u0456 \u0442\u0430 \u0440\u0456\u0432\u043d\u0456 \u043b\u0456\u0442\u0435\u0440\u0438.\r\n\u0422\u0430\u043a\u043e\u0436 \u0434\u043e\u0441\u0442\u0443\u043f\u043d\u0438\u0439 OTR.060 CALLIGRAFFITI PAINT MARKER",
      "is_active": true,
      "created": "2018-09-23T12:14:07.284Z",
      "updated": "2018-09-26T19:37:16.033Z"
   }
},
{
   "model": "products.product",
   "pk": 3,
   "fields": {
      "product_name": "MONTANA GOLD",
      "price": "195.00",
      "discount": 10,
      "category": 2,
      "description": "Montana Gold \u2013 \u043c\u0430\u0440\u043a\u0435\u0440 \u0441\u0442\u0432\u043e\u0440\u0435\u043d\u0438\u0439 \u043f\u0456\u0441\u043b\u044f \u0443\u0441\u043f\u0456\u0445\u0443 \u0430\u0435\u0440\u043e\u0437\u043e\u043b\u044c\u043d\u043e\u0457 \u0444\u0430\u0440\u0431\u0438 \u043d\u0456\u043c\u0435\u0446\u044c\u043a\u043e\u0433\u043e \u0432\u0438\u0440\u043e\u0431\u043d\u0438\u0446\u0442\u0432\u0430 \u0437 \u043e\u0434\u043d\u043e\u0439\u043c\u0435\u043d\u043d\u043e\u044e \u043d\u0430\u0437\u0432\u043e\u044e. \u041c\u0430\u0440\u043a\u0435\u0440\u0438 Montana Gold \u043c\u0430\u044e\u0442\u044c \u043f\u0435\u0440\u043e \u0448\u0438\u0440\u0438\u043d\u043e\u044e 15 \u043c\u043c, \u043a\u043b\u0430\u043f\u0430\u043d\u043d\u0443 \u0441\u0438\u0441\u0442\u0435\u043c\u0443 \u043f\u043e\u0434\u0430\u0447\u0456 \u0447\u043e\u0440\u043d\u0438\u043b\u0430 \u0456 \u0437\u0430\u043f\u0440\u0430\u0432\u043b\u0435\u043d\u0456 \u0432\u0438\u0441\u043e\u043a\u043e\u044f\u043a\u0456\u0441\u043d\u0438\u043c\u0438 \u0447\u043e\u0440\u043d\u0438\u043b\u043e\u043c \u043d\u0430 \u0441\u043f\u0438\u0440\u0442\u043e\u0432\u0456\u0439 \u043e\u0441\u043d\u043e\u0432\u0456.",
      "is_active": true,
      "created": "2018-09-23T19:54:45.397Z",
      "updated": "2018-09-26T19:31:39.243Z"
   }
},
{
   "model": "products.product",
   "pk": 4,
   "fields": {
      "product_name": "MTN 94",
      "price": "135.00",
      "discount": 15,
      "category": 1,
      "description": "\u041cTN 94 \u2013 \u043d\u043e\u0432\u0438\u0439 \u0441\u0442\u0430\u043d\u0434\u0430\u0440\u0442 \u044f\u043a\u043e\u0441\u0442\u0456 \u0430\u0435\u0440\u043e\u0437\u043e\u043b\u044c\u043d\u043e\u0457 \u0444\u0430\u0440\u0431\u0438; \u0434\u0443\u0436\u0435 \u0448\u0432\u0438\u0434\u043a\u0438\u0439 \u0447\u0430\u0441 \u0432\u0438\u0441\u0438\u0445\u0430\u043d\u043d\u044f \u0443 \u043f\u043e\u0454\u0434\u043d\u0430\u043d\u043d\u0456 \u0437 \u043d\u043e\u0432\u043e\u044e \u0441\u0438\u043d\u0442\u0435\u0442\u0438\u0447\u043d\u043e\u044e \u0444\u043e\u0440\u043c\u0443\u043b\u043e\u044e \u043c\u0430\u0442\u043e\u0432\u043e\u0433\u043e \u043f\u043e\u043a\u0440\u0438\u0442\u0442\u044f \u0443 \u0431\u0430\u043b\u043e\u043d\u0456 \u043d\u0438\u0437\u044c\u043a\u043e\u0433\u043e \u0442\u0438\u0441\u043a\u0443. \u0412\u0438\u0441\u043e\u043a\u0430 \u044f\u043a\u0456\u0441\u0442\u044c \u043a\u043e\u043c\u043f\u043e\u043d\u0435\u043d\u0442\u0456\u0432 \u0440\u043e\u0431\u0438\u0442\u044c \u0444\u0430\u0440\u0431\u0443 \u0443\u043d\u0456\u0432\u0435\u0440\u0441\u0430\u043b\u044c\u043d\u043e\u044e \u0456 \u043b\u0435\u0433\u043a\u043e\u044e \u0432 \u0443\u043f\u0440\u0430\u0432\u043b\u0456\u043d\u043d\u0456 \u043d\u0430\u0432\u0456\u0442\u044c \u0434\u043b\u044f \u0434\u0443\u0436\u0435 \u0441\u043a\u043b\u0430\u0434\u043d\u0438\u0445 \u043c\u0430\u043b\u044e\u043d\u043a\u0456\u0432. \u0423 \u041cTN 94 \u043f\u0430\u043b\u0456\u0442\u0440\u0430 \u0441\u043a\u043b\u0430\u0434\u0430\u0454\u0442\u044c\u0441\u044f \u0437 147 \u044f\u0441\u043a\u0440\u0430\u0432\u0438\u0445 \u0456 \u0441\u043e\u043a\u043e\u0432\u0438\u0442\u0438\u0445 \u043a\u043e\u043b\u044c\u043e\u0440\u0456\u0432, 114 \u0437 \u044f\u043a\u0438\u0445 \u0454 \u043d\u043e\u0432\u0438\u043c\u0438 \u0456 \u0443\u043d\u0456\u043a\u0430\u043b\u044c\u043d\u0438\u043c\u0438.",
      "is_active": true,
      "created": "2018-09-23T19:55:48.187Z",
      "updated": "2018-09-26T15:51:17.943Z"
   }
},
{
   "model": "products.product",
   "pk": 5,
   "fields": {
      "product_name": "Dope Classic",
      "price": "95.00",
      "discount": 0,
      "category": 1,
      "description": "Dope Classic \u044d\u0442\u043e \u043c\u0430\u0442\u043e\u0432\u0430\u044f \u0430\u043a\u0440\u0438\u043b\u043e\u0432\u0430\u044f \u043a\u0440\u0430\u0441\u043a\u0430 \u0431\u044b\u0441\u0442\u0440\u043e\u0433\u043e \u0432\u044b\u0441\u044b\u0445\u0430\u043d\u0438\u044f. \u0421\u0434\u0435\u043b\u0430\u043d\u0430 \u0438\u0437 \u043b\u0443\u0447\u0448\u0438\u0445 \u0438\u043d\u0433\u0440\u0435\u0434\u0438\u0435\u043d\u0442\u043e\u0432, \u0447\u0442\u043e \u0434\u0430\u0435\u0442 \u0432\u043e\u0437\u043c\u043e\u0436\u043d\u043e\u0441\u0442\u044c \u0435\u0435 \u0438\u0441\u043f\u043e\u043b\u044c\u0437\u043e\u0432\u0430\u0442\u044c \u043f\u0440\u0438 \u043b\u044e\u0431\u044b\u0445 \u043f\u043e\u0433\u043e\u0434\u043d\u044b\u0445 \u0443\u0441\u043b\u043e\u0432\u0438\u044f\u0445. \u0411\u043e\u043b\u044c\u0448\u043e\u0435 \u043a\u043e\u043b\u0438\u0447\u0435\u0441\u0442\u0432\u043e \u043f\u0438\u0433\u043c\u0435\u043d\u0442\u0430, \u043f\u043e\u0437\u0432\u043e\u043b\u044f\u0435\u0442 \u043b\u0435\u0433\u043a\u043e \u043f\u043e\u043a\u0440\u044b\u0432\u0430\u0442\u044c \u043b\u044e\u0431\u0443\u044e \u043f\u043e\u0432\u0435\u0440\u0445\u043d\u043e\u0441\u0442\u044c. \u041a\u0440\u0430\u0441\u043a\u0430 \u0438\u043c\u0435\u0435\u0442 \u043d\u0438\u0437\u043a\u043e\u0435 \u0434\u0430\u0432\u043b\u0435\u043d\u0438\u0435, \u0447\u0442\u043e \u043f\u043e\u0437\u0432\u043e\u043b\u044f\u0435\u0442 \u043c\u0430\u043a\u0441\u0438\u043c\u0430\u043b\u044c\u043d\u044b\u0439 \u043a\u043e\u043d\u0442\u0440\u043e\u043b\u044c \u043d\u0430\u0434 \u043b\u0438\u043d\u0438\u0435\u0439. \u0411\u0430\u043b\u043b\u043e\u043d \u0438\u043c\u0435\u0435\u0442 \u0441\u0442\u0430\u043d\u0434\u0430\u0440\u0442\u043d\u044b\u0439 \u043a\u043b\u0430\u043f\u0430\u043d, \u0441\u043e\u0432\u043c\u0435\u0441\u0442\u0438\u043c\u044b\u0439 \u0441 \u0431\u043e\u043b\u044c\u0448\u0438\u043d\u0441\u0442\u0432\u043e\u043c \u043a\u043b\u0430\u043f\u0430\u043d\u043e\u0432 \u043d\u0430 \u0440\u044b\u043d\u043a\u0435.",
      "is_active": true,
      "created": "2018-09-26T15:48:53.382Z",
      "updated": "2018-09-26T15:51:31.062Z"
   }
},
{
   "model": "products.product",
   "pk": 6,
   "fields": {
      "product_name": "94 PAINT MARKER",
      "price": "190.00",
      "discount": 0,
      "category": 2,
      "description": "\u0417 \u043e\u0433\u043b\u044f\u0434\u0443 \u043d\u0430 \u0432\u0435\u043b\u0438\u043a\u0438\u0439 \u0443\u0441\u043f\u0456\u0445 \u043d\u043e\u0432\u043e\u0457 \u043b\u0456\u043d\u0456\u0439\u043a\u0438 MTN 94, \u043a\u043e\u043c\u043f\u0430\u043d\u0456\u044f Montana Colors \u0432\u0438\u0440\u0456\u0448\u0438\u043b\u0430 \u0441\u0442\u0432\u043e\u0440\u0438\u0442\u0438 \u0441\u0435\u0440\u0456\u044e \u043c\u0430\u0440\u043a\u0435\u0440\u0456\u0432 MTN 94 Paint Marker. \u041f\u0430\u043b\u0456\u0442\u0440\u0430 \u043d\u043e\u0432\u0438\u0445 \u043c\u0430\u0440\u043a\u0435\u0440\u0456\u0432 \u0441\u043a\u043b\u0430\u0434\u0435\u043d\u0430 \u0437 16 \u043e\u0440\u0438\u0433\u0456\u043d\u0430\u043b\u044c\u043d\u0438\u0445 \u043a\u043e\u043b\u044c\u043e\u0440\u0456\u0432, \u044f\u043a\u0456 \u0432\u0456\u0434\u043f\u043e\u0432\u0456\u0434\u0430\u044e\u0442\u044c \u043a\u043e\u043b\u044c\u043e\u0440\u0430\u043c \u0433\u0440\u0430\u0444\u0456\u0442\u0456 \u0444\u0430\u0440\u0431\u0438 MTN 94, \u0447\u043e\u0442\u0438\u0440\u0438 \u0437 \u044f\u043a\u0438\u0445 \u2014 \u0444\u043b\u044e\u043e\u0440\u0456\u0441\u0446\u0435\u043d\u0442\u043d\u0438\u043c! \u0422\u0430\u043a\u0438\u043c \u0447\u0438\u043d\u043e\u043c \u043d\u043e\u0432\u0430 \u043b\u0456\u043d\u0456\u0439\u043a\u0430 \u043c\u0430\u0440\u043a\u0435\u0440\u0456\u0432 \u0431\u0443\u0434\u0435 \u043f\u0435\u0440\u0448\u043e\u044e, \u0449\u043e \u0432\u0438\u043a\u043e\u0440\u0438\u0441\u0442\u043e\u0432\u0443\u0454 \u0446\u0435\u0439 \u0442\u0438\u043f \u0444\u0430\u0440\u0431\u0438 \u0432 \u044f\u043a\u043e\u0441\u0442\u0456 \u0437\u0430\u043f\u0440\u0430\u0432\u043a\u0438.\r\n\u0412\u043b\u0430\u0441\u0442\u0438\u0432\u043e\u0441\u0442\u0456 \u043c\u0430\u0440\u043a\u0435\u0440\u0456\u0432 MTN 94 Paint Marker:\r\n\u2014 \u0441\u0430\u0442\u0438\u043d\u043e\u0432\u0435 \u043f\u0435\u0440\u043e 15 \u043c\u043c\r\n\u2014 \u0433\u043b\u044f\u043d\u0446\u0435\u0432\u0435 \u0447\u043e\u0440\u043d\u0438\u043b\u043e\r\n\u2014 \u0432\u0456\u0434\u043c\u0456\u043d\u043d\u0430 \u043f\u043e\u043a\u0440\u0438\u0432\u0430\u043d\u0456\u0441\u0442\u044c\r\n\u2014 \u0456\u043d\u043d\u043e\u0432\u0430\u0446\u0456\u0439\u043d\u0430 \u0441\u0438\u0441\u0442\u0435\u043c\u0430 \u0437\u0430\u043f\u0440\u0430\u0432\u043a\u0438 Fast Refill\r\n\u041d\u043e\u0432\u0456 \u043c\u0430\u0440\u043a\u0435\u0440\u0438 \u2014 \u0432\u0456\u0434\u043c\u0456\u043d\u043d\u0438\u0439 \u0456\u043d\u0441\u0442\u0440\u0443\u043c\u0435\u043d\u0442 \u044f\u043a \u0434\u043b\u044f \u0442\u0435\u0433\u0433\u0456\u043d\u0433\u0430, \u0442\u0430\u043a \u0456 \u0434\u043b\u044f \u0445\u0443\u0434\u043e\u0436\u043d\u0456\u0445 \u0440\u043e\u0431\u0456\u0442.\r\n\u0423 \u043c\u0430\u0440\u043a\u0435\u0440\u0456 MTN 94 \u0432\u0438\u043a\u043e\u0440\u0438\u0441\u0442\u043e\u0432\u0443\u0454\u0442\u044c\u0441\u044f \u0444\u0430\u0440\u0431\u0430, \u0449\u043e \u0434\u043e\u0431\u0440\u0435 \u0441\u0435\u0431\u0435 \u0437\u0430\u0440\u0435\u043a\u043e\u043c\u0435\u043d\u0434\u0443\u0432\u0430\u043b\u0430, \u044f\u043a\u0430 \u0432\u0438\u043a\u043e\u0440\u0438\u0441\u0442\u043e\u0432\u0443\u0454\u0442\u044c\u0441\u044f \u0432 \u0431\u0430\u043b\u043e\u043d\u0430\u0445 MTN 94, \u043c\u0456\u0446\u043d\u0435 \u0441\u0430\u0442\u0438\u043d\u043e\u0432\u0435 \u043f\u0435\u0440\u043e \u0456 \u043d\u043e\u0432\u0430 \u0441\u0438\u0441\u0442\u0435\u043c\u0430 \u0437\u0430\u043f\u0440\u0430\u0432\u043a\u0438. \u0410\u043a\u0440\u0438\u043b\u043e\u0432\u0430 \u0444\u0430\u0440\u0431\u0430 \u0432\u0456\u0434\u043c\u0456\u043d\u043d\u043e \u043b\u044f\u0433\u0430\u0454 \u043f\u0440\u0430\u043a\u0442\u0438\u0447\u043d\u043e \u043d\u0430 \u0432\u0441\u0456 \u0432\u0438\u0434\u0438 \u043f\u043e\u0432\u0435\u0440\u0445\u043e\u043d\u044c, \u0437 \u0447\u0430\u0441\u043e\u043c \u043d\u0435 \u0432\u0438\u0446\u0432\u0456\u0442\u0430\u0454 \u0456 \u0434\u043e\u0432\u0433\u043e \u0442\u0440\u0438\u043c\u0430\u0454\u0442\u044c\u0441\u044f. \u0428\u0438\u0440\u043e\u043a\u0435 \u043f\u0435\u0440\u043e \u0437 \u0441\u0430\u0442\u0438\u043d\u0443 \u043c\u0430\u0454 \u043f\u0456\u0434\u0432\u0438\u0449\u0435\u043d\u0443 \u0441\u0442\u0456\u0439\u043a\u0456\u0441\u0442\u044c \u0434\u043e \u0437\u043d\u043e\u0448\u0443\u0432\u0430\u043d\u043d\u044f, \u0449\u043e \u0434\u043e\u0437\u0432\u043e\u043b\u0438\u0442\u044c \u0434\u043e\u0432\u0433\u043e \u043a\u043e\u0440\u0438\u0441\u0442\u0443\u0432\u0430\u0442\u0438\u0441\u044f \u043e\u0434\u043d\u0438\u043c \u043c\u0430\u0440\u043a\u0435\u0440\u043e\u043c \u0456 \u043d\u0435 \u0431\u043e\u044f\u0442\u0438\u0441\u044f, \u0449\u043e \u0432\u043e\u043d\u043e\u043e \u0437\u0456\u043f\u0441\u0443\u0454\u0442\u044c\u0441\u044f \u0432 \u0441\u0430\u043c\u0438\u0439 \u043d\u0435 \u043f\u043e\u0442\u0440\u0456\u0431\u043d\u0438\u0439 \u043c\u043e\u043c\u0435\u043d\u0442.\r\n\u0429\u0435 \u043e\u0434\u043d\u0430 \u0446\u0456\u043a\u0430\u0432\u0430 \u043e\u0441\u043e\u0431\u043b\u0438\u0432\u0456\u0441\u0442\u044c Paint Marker- \u043a\u0440\u0438\u0448\u043a\u0430 \u0434\u043b\u044f \u0437\u0430\u043f\u0440\u0430\u0432\u043a\u0438, \u044f\u043a\u0443 \u043c\u043e\u0436\u043d\u0430 \u043b\u0435\u0433\u043a\u043e \u0432\u0456\u0434\u043a\u0440\u0438\u0442\u0438 \u0437\u0430 \u0434\u043e\u043f\u043e\u043c\u043e\u0433\u043e\u044e \u043c\u043e\u043d\u0435\u0442\u0438. \u0422\u0435\u043f\u0435\u0440 \u0437\u0430\u043f\u0440\u0430\u0432\u0438\u0442\u0438 \u043c\u0430\u0440\u043a\u0435\u0440 \u043f\u0440\u043e\u0441\u0442\u043e!",
      "is_active": true,
      "created": "2018-09-26T15:50:17.876Z",
      "updated": "2018-09-26T15:51:24.987Z"
   }
},
{
   "model": "products.product",
   "pk": 7,
   "fields": {
      "product_name": "MTN NITRO 2G COLORS 500ml",
      "price": "155.00",
      "discount": 5,
      "category": 1,
      "description": "\u0410\u044d\u0440\u043e\u0437\u043e\u043b\u044c\u043d\u0430\u044f \u043a\u0440\u0430\u0441\u043a\u0430 MTN Nitro 2G Colors, \u043d\u0430\u0434\u0435\u043b\u0435\u043d\u0430 \u0441\u043f\u043e\u0441\u043e\u0431\u043d\u043e\u0441\u0442\u044c\u044e \u0441 \u043f\u0435\u0440\u0432\u043e\u0433\u043e \u0440\u0430\u0437\u0430 \u0437\u0430\u043a\u0440\u0430\u0448\u0438\u0432\u0430\u0442\u044c \u0445\u0440\u043e\u043c, \u0441 \u043b\u0435\u0433\u043a\u043e\u0441\u0442\u044c\u044e \u0440\u0435\u0448\u0430\u044f \u0441\u0442\u0430\u0440\u0443\u044e \u043f\u0440\u043e\u0431\u043b\u0435\u043c\u0443 \u0433\u0440\u0430\u0444\u0444\u0438\u0442\u0447\u0438\u043a\u043e\u0432. \u042d\u0442\u043e  \u0432\u044b\u0441\u043e\u043a\u043e\u043a\u0430\u0447\u0435\u0441\u0442\u0432\u0435\u043d\u043d\u0430\u044f \u043a\u0440\u0430\u0441\u043a\u0430 \u043d\u043e\u0432\u043e\u0433\u043e \u043f\u043e\u043a\u043e\u043b\u0435\u043d\u0438\u044f, \u043a\u043e\u0442\u043e\u0440\u0430\u044f \u043b\u0435\u0433\u043a\u043e \u0438 \u0432 \u043b\u044e\u0431\u0443\u044e \u043f\u043e\u0433\u043e\u0434\u0443 \u043d\u0430\u043d\u043e\u0441\u0438\u0442\u0441\u044f \u043d\u0430 \u0431\u043e\u043b\u044c\u0448\u0438\u043d\u0441\u0442\u0432\u043e \u043f\u043e\u0432\u0435\u0440\u0445\u043d\u043e\u0441\u0442\u0435\u0439, \u0431\u044b\u0441\u0442\u0440\u043e \u0441\u043e\u0445\u043d\u0435\u0442 \u0438 \u043d\u0435 \u0432\u044b\u0446\u0432\u0435\u0442\u0430\u0435\u0442 \u043f\u043e\u0434 \u0432\u043e\u0437\u0434\u0435\u0439\u0441\u0442\u0432\u0438\u0435\u043c \u044f\u0440\u043a\u043e\u0433\u043e \u0441\u043e\u043b\u043d\u0435\u0447\u043d\u043e\u0433\u043e \u0441\u0432\u0435\u0442\u0430. \u041d\u0438\u0442\u0440\u043e \u0444\u043e\u0440\u043c\u0443\u043b\u0430 \u0433\u0430\u0440\u0430\u043d\u0442\u0438\u0440\u0443\u0435\u0442 \u043e\u0442\u043b\u0438\u0447\u043d\u0443\u044e \u0443\u043a\u0440\u044b\u0432\u0438\u0441\u0442\u043e\u0441\u0442\u044c \u0438 \u0443\u0441\u0442\u043e\u0439\u0447\u0438\u0432\u043e\u0441\u0442\u044c \u043a \u0440\u0430\u0437\u043b\u0438\u0447\u043d\u044b\u043c \u0432\u043e\u0437\u0434\u0435\u0439\u0441\u0442\u0432\u0438\u044f\u043c. \u041e\u0431\u044a\u0435\u043c 500\u043c\u043b. \u0422\u0430\u043a\u0436\u0435 \u0435\u0441\u0442\u044c \u0432 \u043d\u0430\u043b\u0438\u0447\u0438\u0438 \u0432 \u043e\u0431\u044a\u0435\u043c\u0435 400\u043c\u043b.",
      "is_active": true,
      "created": "2018-09-26T19:19:12.679Z",
      "updated": "2018-09-26T19:19:12.679Z"
   }
},
{
   "model": "products.product",
   "pk": 8,
   "fields": {
      "product_name": "KOBRA",
      "price": "110.00",
      "discount": 0,
      "category": 1,
      "description": "Kobra \u2014 \u043a\u0440\u0430\u0441\u043a\u0430 \u0432\u044b\u0441\u043e\u043a\u043e\u0433\u043e \u0434\u0430\u0432\u043b\u0435\u043d\u0438\u044f, \u043a\u043e\u0442\u043e\u0440\u0430\u044f \u043a\u043e\u043c\u043f\u043b\u0435\u043a\u0442\u0443\u0435\u0442\u0441\u044f \u0441\u0435\u0440\u044b\u043c \u0441\u043a\u0438\u043d\u043d\u0438 \u043a\u044d\u043f\u043e\u043c \u0438 \u044f\u0432\u043b\u044f\u0435\u0442\u0441\u044f \u0447\u0440\u0435\u0437\u0432\u044b\u0447\u0430\u0439\u043d\u043e \u0443\u043d\u0438\u0432\u0435\u0440\u0441\u0430\u043b\u044c\u043d\u043e\u0439 \u043a\u0440\u0430\u0441\u043a\u043e\u0439 \u043f\u0440\u0438 \u043f\u043e\u043a\u0440\u044b\u0442\u0438\u0438 \u0431\u043e\u043b\u044c\u0448\u0438\u0445 \u043f\u043b\u043e\u0449\u0430\u0434\u0435\u0439 \u0437\u0430 \u0434\u043e\u0432\u043e\u043b\u044c\u043d\u043e \u043a\u043e\u0440\u043e\u0442\u043a\u043e\u0435 \u0432\u0440\u0435\u043c\u044f. \u042d\u0442\u0430 \u043a\u0440\u0430\u0441\u043a\u0430 \u044f\u0432\u043b\u044f\u0435\u0442\u0441\u044f \u0441\u0430\u043c\u043e\u0439 \u0448\u0438\u0440\u043e\u043a\u043e\u0439 \u043b\u0438\u043d\u0435\u0439\u043a\u043e\u0439 \u043f\u0440\u043e\u0434\u0443\u043a\u0442\u043e\u0432 \u043a\u043e\u043c\u043f\u0430\u043d\u0438\u0438 Kobra, \u0438 \u0441\u043e\u0441\u0442\u043e\u0438\u0442 \u0438\u0437 93 \u0443\u043d\u0438\u043a\u0430\u043b\u044c\u043d\u044b\u0445 \u0446\u0432\u0435\u0442\u043e\u0432, \u043a\u043e\u0442\u043e\u0440\u044b\u0435 \u043f\u043e\u0441\u0442\u043e\u044f\u043d\u043d\u043e \u043f\u043e\u043f\u043e\u043b\u043d\u044f\u044e\u0442\u0441\u044f \u043d\u043e\u0432\u044b\u043c\u0438.",
      "is_active": true,
      "created": "2018-09-26T19:20:53.667Z",
      "updated": "2018-09-26T19:21:46.526Z"
   }
},
{
   "model": "products.product",
   "pk": 9,
   "fields": {
      "product_name": "STREET MARKER",
      "price": "185.00",
      "discount": 0,
      "category": 2,
      "description": "15-\u043c\u0438\u043b\u043b\u0438\u043c\u0435\u0442\u0440\u043e\u0432\u044b\u0439 STREET MARKER \u043e\u0442 Montana Colors \u043f\u0440\u0435\u0434\u043d\u0430\u0437\u043d\u0430\u0447\u0435\u043d \u0434\u043b\u044f \u0433\u0440\u0430\u0444\u0444\u0438\u0442\u0438 \u0445\u0443\u0434\u043e\u0436\u043d\u0438\u043a\u043e\u0432, \u0430 \u0442\u0430\u043a\u0436\u0435 \u0434\u043b\u044f \u043a\u0430\u043b\u043b\u0438\u0433\u0440\u0430\u0444\u0438\u0447\u0435\u0441\u043a\u0438\u0445 \u0438 \u0445\u0443\u0434\u043e\u0436\u0435\u0441\u0442\u0432\u0435\u043d\u043d\u044b\u0445 \u0446\u0435\u043b\u0435\u0439.\r\n\r\n\u041e\u043f\u0442\u0438\u043c\u0438\u0437\u0438\u0440\u043e\u0432\u0430\u043d\u043d\u0430\u044f \u0441\u0438\u0441\u0442\u0435\u043c\u0430 \u043a\u043b\u0430\u043f\u0430\u043d\u043e\u0432 \u043e\u0431\u0435\u0441\u043f\u0435\u0447\u0438\u0432\u0430\u0435\u0442 \u043f\u043e\u0441\u0442\u043e\u044f\u043d\u043d\u044b\u0439 \u043f\u043e\u0442\u043e\u043a \u043a\u0440\u0430\u0441\u043a\u0438, \u043f\u0440\u0435\u0434\u043e\u0442\u0432\u0440\u0430\u0449\u0430\u0435\u0442 \u0442\u0435\u0447\u044c \u0438 \u043f\u0435\u0440\u0435\u0433\u0440\u0443\u0437\u043a\u0443. \u041c\u0430\u0440\u043a\u0435\u0440 \u043e\u0441\u043d\u0430\u0449\u0435\u043d \u0436\u0435\u0441\u0442\u043a\u0438\u043c \u043a\u0440\u0443\u0433\u043b\u044b\u043c \u043d\u0430\u043a\u043e\u043d\u0435\u0447\u043d\u0438\u043a\u043e\u043c \u0434\u0438\u0430\u043c\u0435\u0442\u0440\u043e\u043c 15 \u043c\u043c, \u0432\u044b\u043f\u043e\u043b\u043d\u0435\u043d\u043d\u044b\u043c \u0438\u0437 \u043f\u043e\u043b\u0438\u044d\u0444\u0438\u0440\u043d\u044b\u0445 \u0432\u043e\u043b\u043e\u043a\u043e\u043d \u0438 \u043f\u0440\u043e\u0437\u0440\u0430\u0447\u043d\u044b\u043c \u043f\u043b\u0430\u0441\u0442\u0438\u043a\u043e\u0432\u044b\u043c \u0431\u043e\u0447\u043e\u043d\u043a\u043e\u043c \u0434\u043b\u044f \u043a\u043e\u043d\u0442\u0440\u043e\u043b\u044f \u043e\u0441\u0442\u0430\u0442\u043a\u0430 \u043a\u0440\u0430\u0441\u043a\u0438.\r\n\r\n\u042d\u0442\u043e\u0442 \u043c\u0430\u0440\u043a\u0435\u0440 \u0434\u043e\u0441\u0442\u0443\u043f\u0435\u043d \u0432 12 \u0446\u0432\u0435\u0442\u0430\u0445 (2 \u0438\u0437 \u043a\u043e\u0442\u043e\u0440\u044b\u0445 \u043c\u0435\u0442\u0430\u043b\u043b\u0438\u043a\u0438) \u0438 \u0437\u0430\u043f\u0440\u0430\u0432\u043b\u0435\u043d \u0447\u0435\u0440\u043d\u0438\u043b\u043e\u043c \u043d\u0430 \u043e\u0441\u043d\u043e\u0432\u0435 \u0441\u043f\u0438\u0440\u0442\u0430, \u043a\u043e\u0442\u043e\u0440\u043e\u0435  \u0443\u0434\u043e\u0432\u043b\u0435\u0442\u0432\u043e\u0440\u0438\u0442 \u043f\u043e\u0442\u0440\u0435\u0431\u043d\u043e\u0441\u0442\u0438 \u0441\u0430\u043c\u044b\u0445 \u0442\u0440\u0435\u0431\u043e\u0432\u0430\u0442\u0435\u043b\u044c\u043d\u044b\u0445 \u0445\u0443\u0434\u043e\u0436\u043d\u0438\u043a\u043e\u0432 \u0438\u0437-\u0437\u0430 \u0438\u0445 \u0432\u044b\u0441\u043e\u043a\u043e\u0439 \u0442\u0435\u043a\u0443\u0447\u0435\u0441\u0442\u0438, \u043d\u0435\u043f\u0440\u043e\u0437\u0440\u0430\u0447\u043d\u043e\u0441\u0442\u0438 \u0438 \u0441\u043e\u043f\u0440\u043e\u0442\u0438\u0432\u043b\u0435\u043d\u0438\u044f.",
      "is_active": true,
      "created": "2018-09-26T19:22:49.975Z",
      "updated": "2018-09-26T19:22:49.975Z"
   }
},
{
   "model": "products.product",
   "pk": 10,
   "fields": {
      "product_name": "Molotow Burner Chrome 600ml",
      "price": "185.00",
      "discount": 10,
      "category": 1,
      "description": "\u0425\u0440\u043e\u043c Molotow Burner \u2014 \u044d\u0442\u043e, \u043d\u0430\u0432\u0435\u0440\u043d\u043e\u0435, \u0445\u0440\u043e\u043c \u0441\u0430\u043c\u043e\u0433\u043e \u0432\u044b\u0441\u043e\u043a\u043e\u0433\u043e \u043a\u0430\u0447\u0435\u0441\u0442\u0432\u0430, \u043a\u043e\u0442\u043e\u0440\u044b\u0439 \u0432\u044b \u0442\u043e\u043b\u044c\u043a\u043e \u043c\u043e\u0436\u0435\u0442\u0435 \u043f\u043e\u043b\u0443\u0447\u0438\u0442\u044c. \u0414\u0435\u0439\u0441\u0442\u0432\u0438\u0442\u0435\u043b\u044c\u043d\u043e \u044f\u0440\u043a\u0438\u0439 \u0446\u0432\u0435\u0442, \u043f\u043e\u043a\u0440\u043e\u0435\u0442 \u043f\u0440\u0430\u043a\u0442\u0438\u0447\u0435\u0441\u043a\u0438 \u043b\u044e\u0431\u0443\u044e \u043f\u043e\u0432\u0435\u0440\u0445\u043d\u043e\u0441\u0442\u044c. Molotow Burner \u0438\u043c\u0435\u0435\u0442 \u0434\u043e\u0441\u0442\u0430\u0442\u043e\u0447\u043d\u043e \u0432\u044b\u0441\u043e\u043a\u043e\u0435 \u0434\u0430\u0432\u043b\u0435\u043d\u0438\u0435 \u0438 \u043e\u0441\u043d\u0430\u0449\u0435\u043d fat \u043a\u044d\u043f\u043e\u043c, \u0441\u043b\u0435\u0434\u043e\u0432\u0430\u0442\u0435\u043b\u044c\u043d\u043e, \u0435\u0441\u043b\u0438 \u0432\u044b \u0445\u043e\u0442\u0438\u0442\u0435 \u0441\u0434\u0435\u043b\u0430\u0442\u044c \u0431\u043e\u043b\u0435\u0435 \u0434\u0435\u0442\u0430\u043b\u044c\u043d\u0443\u044e \u0440\u0430\u0431\u043e\u0442\u0443 \u044d\u0442\u043e\u0439 \u043a\u0440\u0430\u0441\u043a\u043e\u0439, \u0432\u0430\u043c \u043b\u0443\u0447\u0448\u0435 \u0434\u043e\u043f\u043e\u043b\u043d\u0438\u0442\u0435\u043b\u044c\u043d\u043e \u0432\u0437\u044f\u0442\u044c skinny \u043a\u044d\u043f. \u041a\u0440\u0430\u0441\u043a\u0430 \u0442\u0430\u043a\u0436\u0435 \u043d\u0435 \u0438\u043c\u0435\u0435\u0442 \u0441\u043c\u0435\u0441\u0438\u0442\u0435\u043b\u044c\u043d\u043e\u0433\u043e \u0448\u0430\u0440\u0438\u043a\u0430, \u043f\u043e\u044d\u0442\u043e\u043c\u0443 \u0438\u0434\u0435\u0430\u043b\u044c\u043d\u043e \u043f\u043e\u0434\u0445\u043e\u0434\u0438\u0442 \u0435\u0441\u043b\u0438 \u0432\u044b \u0445\u043e\u0442\u0438\u0442\u043d \u043e\u0441\u0442\u0430\u0442\u044c\u0441\u044f \u043d\u0435\u0437\u0430\u043c\u0435\u0447\u0435\u043d\u043d\u044b\u043c \u0432\u043e \u0432\u0440\u0435\u043c\u044f \u0440\u0438\u0441\u043e\u0432\u0430\u043d\u0438\u044f.",
      "is_active": true,
      "created": "2018-09-26T19:24:17.745Z",
      "updated": "2018-09-26T19:24:17.745Z"
   }
},
{
   "model": "products.product",
   "pk": 11,
   "fields": {
      "product_name": "MTN HARDCORE 2",
      "price": "120.00",
      "discount": 0,
      "category": 1,
      "description": "\u041e\u0431\u043d\u043e\u0432\u043b\u0435\u043d\u043d\u0430\u044f \u0432\u0435\u0440\u0441\u0438\u044f \u043a\u043b\u0430\u0441\u0441\u0438\u0447\u0435\u0441\u043a\u043e\u0439 \u0433\u0440\u0430\u0444\u0444\u0438\u0442\u0438-\u043a\u0440\u0430\u0441\u043a\u0438 MTN Hardcore. \u0412\u044b\u0441\u043e\u043a\u043e\u0435 \u0434\u0430\u0432\u043b\u0435\u043d\u0438\u0435 \u043e\u0431\u0435\u0441\u043f\u0435\u0447\u0438\u0432\u0430\u0435\u0442 \u0431\u044b\u0441\u0442\u0440\u043e\u0435 \u0438 \u0440\u0430\u0432\u043d\u043e\u043c\u0435\u0440\u043d\u043e\u0435 \u0440\u0430\u0441\u043f\u0440\u0435\u0434\u0435\u043b\u0435\u043d\u0438\u0435 \u043a\u0440\u0430\u0441\u043a\u0438 \u043d\u0430 \u043f\u0440\u0430\u043a\u0442\u0438\u0447\u0435\u0441\u043a\u0438 \u043b\u044e\u0431\u043e\u0439 \u043f\u043e\u0432\u0435\u0440\u0445\u043d\u043e\u0441\u0442\u0438 \u0437\u0430 \u043c\u0438\u043d\u0438\u043c\u0430\u043b\u044c\u043d\u043e\u0435 \u0432\u0440\u0435\u043c\u044f. \u041d\u043e\u0432\u0430\u044f \u0444\u043e\u0440\u043c\u0443\u043b\u0430 \u043a\u0440\u0430\u0441\u043a\u0438, \u043f\u0440\u043e\u0438\u0437\u0432\u0435\u0434\u0435\u043d\u043d\u0430\u044f \u043f\u043e \u0441\u043e\u0432\u0440\u0435\u043c\u0435\u043d\u043d\u044b\u043c \u0441\u0442\u0430\u043d\u0434\u0430\u0440\u0442\u0430\u043c, \u0437\u043d\u0430\u0447\u0438\u0442\u0435\u043b\u044c\u043d\u043e \u043e\u0442\u043b\u0438\u0447\u0430\u0435\u0442\u0441\u044f \u043e\u0442 \u0441\u0432\u043e\u0435\u0439 \u043f\u0440\u0435\u0436\u043d\u0435\u0439 \u0432\u0435\u0440\u0441\u0438\u0438, \u043a\u0440\u0430\u0441\u043a\u0430 \u0441\u0442\u0430\u043b\u0430 \u0431\u043e\u043b\u0435\u0435 \u0443\u043a\u0440\u044b\u0432\u0438\u0441\u0442\u043e\u0439 \u0438 \u0431\u044b\u0441\u0442\u0440\u043e\u0441\u043e\u0445\u043d\u0443\u0449\u0435\u0439. \u041a\u043e\u043c\u043f\u043b\u0435\u043a\u0442\u0443\u0435\u0442\u0441\u044f \u0441\u0442\u0430\u043d\u0434\u0430\u0440\u0442\u043d\u044b\u043c banana skinny \u043a\u044d\u043f\u043e\u043c.\r\n\r\n\u2014 \u043e\u0431\u044a\u0435\u043c 400 \u043c\u043b.\r\n\r\n\u2014 \u0432\u044b\u0441\u043e\u043a\u043e\u0435 \u0434\u0430\u0432\u043b\u0435\u043d\u0438\u0435 \u0441 \u0432\u043e\u0437\u043c\u043e\u0436\u043d\u043e\u0441\u0442\u044c\u044e \u043f\u043e\u043d\u0438\u0436\u0435\u043d\u0438\u044f\r\n\r\n\u2014 \u0433\u043b\u044f\u043d\u0446\u0435\u0432\u0430\u044f\r\n\r\n\u2014 \u0443\u043a\u0440\u044b\u0432\u0438\u0441\u0442\u0430\u044f\r\n\r\n\u2014 \u043d\u0435 \u0432\u044b\u0446\u0432\u0435\u0442\u0430\u0435\u0442\r\n\r\n\u2014 \u0431\u044b\u0441\u0442\u0440\u043e\u0441\u043e\u0445\u043d\u0443\u0449\u0430\u044f\r\n\r\n\u2014 \u0440\u0430\u0431\u043e\u0442\u0430\u0435\u0442 \u043f\u0440\u0438 \u043d\u0438\u0437\u043a\u0438\u0445 \u0442\u0435\u043c\u043f\u0435\u0440\u0430\u0442\u0443\u0440\u0430\u0445",
      "is_active": true,
      "created": "2018-09-26T19:25:31.438Z",
      "updated": "2018-09-26T19:58:57.868Z"
   }
},
{
   "model": "products.productimage",
   "pk": 14,
   "fields": {
      "product": 1,
      "image": "static/media/products_images/OTR-070-HARDTOBUFF-510x640_imNuWeq.jpg",
      "is_active": true,
      "is_main": true,
      "created": "2018-09-24T21:58:13.311Z",
      "updated": "2018-09-24T21:58:13.311Z"
   }
},
{
   "model": "products.productimage",
   "pk": 15,
   "fields": {
      "product": 5,
      "image": "static/media/products_images/dope.jpg",
      "is_active": true,
      "is_main": true,
      "created": "2018-09-26T15:48:53.410Z",
      "updated": "2018-09-26T15:51:31.065Z"
   }
},
{
   "model": "products.productimage",
   "pk": 16,
   "fields": {
      "product": 6,
      "image": "static/media/products_images/PAINT-MARKER-510x640.jpg",
      "is_active": true,
      "is_main": true,
      "created": "2018-09-26T15:50:17.889Z",
      "updated": "2018-09-26T15:51:24.990Z"
   }
},
{
   "model": "products.productimage",
   "pk": 17,
   "fields": {
      "product": 4,
      "image": "static/media/products_images/mtn.jpg",
      "is_active": true,
      "is_main": true,
      "created": "2018-09-26T15:51:17.968Z",
      "updated": "2018-09-26T15:51:17.968Z"
   }
},
{
   "model": "products.productimage",
   "pk": 18,
   "fields": {
      "product": 7,
      "image": "static/media/products_images/mtn_nitro2g-510x640.jpg",
      "is_active": true,
      "is_main": true,
      "created": "2018-09-26T19:19:12.687Z",
      "updated": "2018-09-26T19:19:12.687Z"
   }
},
{
   "model": "products.productimage",
   "pk": 19,
   "fields": {
      "product": 8,
      "image": "static/media/products_images/12.jpg",
      "is_active": true,
      "is_main": true,
      "created": "2018-09-26T19:20:53.678Z",
      "updated": "2018-09-26T19:21:46.529Z"
   }
},
{
   "model": "products.productimage",
   "pk": 20,
   "fields": {
      "product": 9,
      "image": "static/media/products_images/STREET-MARKER-510x640.jpg",
      "is_active": true,
      "is_main": true,
      "created": "2018-09-26T19:22:49.987Z",
      "updated": "2018-09-26T19:22:49.987Z"
   }
},
{
   "model": "products.productimage",
   "pk": 21,
   "fields": {
      "product": 10,
      "image": "static/media/products_images/molotow_burner-510x640.jpg",
      "is_active": true,
      "is_main": true,
      "created": "2018-09-26T19:24:17.752Z",
      "updated": "2018-09-26T19:24:17.752Z"
   }
},
{
   "model": "products.productimage",
   "pk": 22,
   "fields": {
      "product": 11,
      "image": "static/media/products_images/mtn_hardcore-510x640.jpg",
      "is_active": true,
      "is_main": true,
      "created": "2018-09-26T19:25:31.450Z",
      "updated": "2018-09-26T19:25:31.450Z"
   }
},
{
   "model": "products.productimage",
   "pk": 23,
   "fields": {
      "product": 3,
      "image": "static/media/products_images/54d3-510x640.jpg",
      "is_active": true,
      "is_main": true,
      "created": "2018-09-26T19:31:06.079Z",
      "updated": "2018-09-26T19:31:06.079Z"
   }
},
{
   "model": "products.productimage",
   "pk": 24,
   "fields": {
      "product": 2,
      "image": "static/media/products_images/OTR-084-CALLIGRAFFITI-510x640.jpg",
      "is_active": true,
      "is_main": true,
      "created": "2018-09-26T19:37:16.051Z",
      "updated": "2018-09-26T19:37:16.052Z"
   }
},
{
   "model": "auth.permission",
   "pk": 1,
   "fields": {
      "name": "Can add log entry",
      "content_type": 1,
      "codename": "add_logentry"
   }
},
{
   "model": "auth.permission",
   "pk": 2,
   "fields": {
      "name": "Can change log entry",
      "content_type": 1,
      "codename": "change_logentry"
   }
},
{
   "model": "auth.permission",
   "pk": 3,
   "fields": {
      "name": "Can delete log entry",
      "content_type": 1,
      "codename": "delete_logentry"
   }
},
{
   "model": "auth.permission",
   "pk": 4,
   "fields": {
      "name": "Can view log entry",
      "content_type": 1,
      "codename": "view_logentry"
   }
},
{
   "model": "auth.permission",
   "pk": 5,
   "fields": {
      "name": "Can add permission",
      "content_type": 2,
      "codename": "add_permission"
   }
},
{
   "model": "auth.permission",
   "pk": 6,
   "fields": {
      "name": "Can change permission",
      "content_type": 2,
      "codename": "change_permission"
   }
},
{
   "model": "auth.permission",
   "pk": 7,
   "fields": {
      "name": "Can delete permission",
      "content_type": 2,
      "codename": "delete_permission"
   }
},
{
   "model": "auth.permission",
   "pk": 8,
   "fields": {
      "name": "Can view permission",
      "content_type": 2,
      "codename": "view_permission"
   }
},
{
   "model": "auth.permission",
   "pk": 9,
   "fields": {
      "name": "Can add group",
      "content_type": 3,
      "codename": "add_group"
   }
},
{
   "model": "auth.permission",
   "pk": 10,
   "fields": {
      "name": "Can change group",
      "content_type": 3,
      "codename": "change_group"
   }
},
{
   "model": "auth.permission",
   "pk": 11,
   "fields": {
      "name": "Can delete group",
      "content_type": 3,
      "codename": "delete_group"
   }
},
{
   "model": "auth.permission",
   "pk": 12,
   "fields": {
      "name": "Can view group",
      "content_type": 3,
      "codename": "view_group"
   }
},
{
   "model": "auth.permission",
   "pk": 13,
   "fields": {
      "name": "Can add user",
      "content_type": 4,
      "codename": "add_user"
   }
},
{
   "model": "auth.permission",
   "pk": 14,
   "fields": {
      "name": "Can change user",
      "content_type": 4,
      "codename": "change_user"
   }
},
{
   "model": "auth.permission",
   "pk": 15,
   "fields": {
      "name": "Can delete user",
      "content_type": 4,
      "codename": "delete_user"
   }
},
{
   "model": "auth.permission",
   "pk": 16,
   "fields": {
      "name": "Can view user",
      "content_type": 4,
      "codename": "view_user"
   }
},
{
   "model": "auth.permission",
   "pk": 17,
   "fields": {
      "name": "Can add content type",
      "content_type": 5,
      "codename": "add_contenttype"
   }
},
{
   "model": "auth.permission",
   "pk": 18,
   "fields": {
      "name": "Can change content type",
      "content_type": 5,
      "codename": "change_contenttype"
   }
},
{
   "model": "auth.permission",
   "pk": 19,
   "fields": {
      "name": "Can delete content type",
      "content_type": 5,
      "codename": "delete_contenttype"
   }
},
{
   "model": "auth.permission",
   "pk": 20,
   "fields": {
      "name": "Can view content type",
      "content_type": 5,
      "codename": "view_contenttype"
   }
},
{
   "model": "auth.permission",
   "pk": 21,
   "fields": {
      "name": "Can add session",
      "content_type": 6,
      "codename": "add_session"
   }
},
{
   "model": "auth.permission",
   "pk": 22,
   "fields": {
      "name": "Can change session",
      "content_type": 6,
      "codename": "change_session"
   }
},
{
   "model": "auth.permission",
   "pk": 23,
   "fields": {
      "name": "Can delete session",
      "content_type": 6,
      "codename": "delete_session"
   }
},
{
   "model": "auth.permission",
   "pk": 24,
   "fields": {
      "name": "Can view session",
      "content_type": 6,
      "codename": "view_session"
   }
},
{
   "model": "auth.permission",
   "pk": 25,
   "fields": {
      "name": "Can add subscriber",
      "content_type": 7,
      "codename": "add_subscriber"
   }
},
{
   "model": "auth.permission",
   "pk": 26,
   "fields": {
      "name": "Can change subscriber",
      "content_type": 7,
      "codename": "change_subscriber"
   }
},
{
   "model": "auth.permission",
   "pk": 27,
   "fields": {
      "name": "Can delete subscriber",
      "content_type": 7,
      "codename": "delete_subscriber"
   }
},
{
   "model": "auth.permission",
   "pk": 28,
   "fields": {
      "name": "Can view subscriber",
      "content_type": 7,
      "codename": "view_subscriber"
   }
},
{
   "model": "auth.permission",
   "pk": 29,
   "fields": {
      "name": "Can add \u0421\u0442\u0430\u0442\u0443\u0441",
      "content_type": 8,
      "codename": "add_status"
   }
},
{
   "model": "auth.permission",
   "pk": 30,
   "fields": {
      "name": "Can change \u0421\u0442\u0430\u0442\u0443\u0441",
      "content_type": 8,
      "codename": "change_status"
   }
},
{
   "model": "auth.permission",
   "pk": 31,
   "fields": {
      "name": "Can delete \u0421\u0442\u0430\u0442\u0443\u0441",
      "content_type": 8,
      "codename": "delete_status"
   }
},
{
   "model": "auth.permission",
   "pk": 32,
   "fields": {
      "name": "Can view \u0421\u0442\u0430\u0442\u0443\u0441",
      "content_type": 8,
      "codename": "view_status"
   }
},
{
   "model": "auth.permission",
   "pk": 33,
   "fields": {
      "name": "Can add \u0417\u0430\u043a\u0430\u0437",
      "content_type": 9,
      "codename": "add_order"
   }
},
{
   "model": "auth.permission",
   "pk": 34,
   "fields": {
      "name": "Can change \u0417\u0430\u043a\u0430\u0437",
      "content_type": 9,
      "codename": "change_order"
   }
},
{
   "model": "auth.permission",
   "pk": 35,
   "fields": {
      "name": "Can delete \u0417\u0430\u043a\u0430\u0437",
      "content_type": 9,
      "codename": "delete_order"
   }
},
{
   "model": "auth.permission",
   "pk": 36,
   "fields": {
      "name": "Can view \u0417\u0430\u043a\u0430\u0437",
      "content_type": 9,
      "codename": "view_order"
   }
},
{
   "model": "auth.permission",
   "pk": 37,
   "fields": {
      "name": "Can add \u0422\u043e\u0432\u0430\u0440",
      "content_type": 10,
      "codename": "add_productinorder"
   }
},
{
   "model": "auth.permission",
   "pk": 38,
   "fields": {
      "name": "Can change \u0422\u043e\u0432\u0430\u0440",
      "content_type": 10,
      "codename": "change_productinorder"
   }
},
{
   "model": "auth.permission",
   "pk": 39,
   "fields": {
      "name": "Can delete \u0422\u043e\u0432\u0430\u0440",
      "content_type": 10,
      "codename": "delete_productinorder"
   }
},
{
   "model": "auth.permission",
   "pk": 40,
   "fields": {
      "name": "Can view \u0422\u043e\u0432\u0430\u0440",
      "content_type": 10,
      "codename": "view_productinorder"
   }
},
{
   "model": "auth.permission",
   "pk": 41,
   "fields": {
      "name": "Can add \u0424\u043e\u0442\u043e\u0433\u0440\u0430\u0444\u0438\u044f",
      "content_type": 11,
      "codename": "add_product_image"
   }
},
{
   "model": "auth.permission",
   "pk": 42,
   "fields": {
      "name": "Can change \u0424\u043e\u0442\u043e\u0433\u0440\u0430\u0444\u0438\u044f",
      "content_type": 11,
      "codename": "change_product_image"
   }
},
{
   "model": "auth.permission",
   "pk": 43,
   "fields": {
      "name": "Can delete \u0424\u043e\u0442\u043e\u0433\u0440\u0430\u0444\u0438\u044f",
      "content_type": 11,
      "codename": "delete_product_image"
   }
},
{
   "model": "auth.permission",
   "pk": 44,
   "fields": {
      "name": "Can view \u0424\u043e\u0442\u043e\u0433\u0440\u0430\u0444\u0438\u044f",
      "content_type": 11,
      "codename": "view_product_image"
   }
},
{
   "model": "auth.permission",
   "pk": 45,
   "fields": {
      "name": "Can add \u0422\u043e\u0432\u0430\u0440",
      "content_type": 12,
      "codename": "add_product"
   }
},
{
   "model": "auth.permission",
   "pk": 46,
   "fields": {
      "name": "Can change \u0422\u043e\u0432\u0430\u0440",
      "content_type": 12,
      "codename": "change_product"
   }
},
{
   "model": "auth.permission",
   "pk": 47,
   "fields": {
      "name": "Can delete \u0422\u043e\u0432\u0430\u0440",
      "content_type": 12,
      "codename": "delete_product"
   }
},
{
   "model": "auth.permission",
   "pk": 48,
   "fields": {
      "name": "Can view \u0422\u043e\u0432\u0430\u0440",
      "content_type": 12,
      "codename": "view_product"
   }
},
{
   "model": "auth.permission",
   "pk": 49,
   "fields": {
      "name": "Can add \u0424\u043e\u0442\u043e\u0433\u0440\u0430\u0444\u0438\u044f",
      "content_type": 13,
      "codename": "add_productimage"
   }
},
{
   "model": "auth.permission",
   "pk": 50,
   "fields": {
      "name": "Can change \u0424\u043e\u0442\u043e\u0433\u0440\u0430\u0444\u0438\u044f",
      "content_type": 13,
      "codename": "change_productimage"
   }
},
{
   "model": "auth.permission",
   "pk": 51,
   "fields": {
      "name": "Can delete \u0424\u043e\u0442\u043e\u0433\u0440\u0430\u0444\u0438\u044f",
      "content_type": 13,
      "codename": "delete_productimage"
   }
},
{
   "model": "auth.permission",
   "pk": 52,
   "fields": {
      "name": "Can view \u0424\u043e\u0442\u043e\u0433\u0440\u0430\u0444\u0438\u044f",
      "content_type": 13,
      "codename": "view_productimage"
   }
},
{
   "model": "auth.permission",
   "pk": 53,
   "fields": {
      "name": "Can add \u041a\u0430\u0442\u0435\u0433\u043e\u0440\u0438\u044f \u0442\u043e\u0432\u0430\u0440\u0430",
      "content_type": 14,
      "codename": "add_productcategory"
   }
},
{
   "model": "auth.permission",
   "pk": 54,
   "fields": {
      "name": "Can change \u041a\u0430\u0442\u0435\u0433\u043e\u0440\u0438\u044f \u0442\u043e\u0432\u0430\u0440\u0430",
      "content_type": 14,
      "codename": "change_productcategory"
   }
},
{
   "model": "auth.permission",
   "pk": 55,
   "fields": {
      "name": "Can delete \u041a\u0430\u0442\u0435\u0433\u043e\u0440\u0438\u044f \u0442\u043e\u0432\u0430\u0440\u0430",
      "content_type": 14,
      "codename": "delete_productcategory"
   }
},
{
   "model": "auth.permission",
   "pk": 56,
   "fields": {
      "name": "Can view \u041a\u0430\u0442\u0435\u0433\u043e\u0440\u0438\u044f \u0442\u043e\u0432\u0430\u0440\u0430",
      "content_type": 14,
      "codename": "view_productcategory"
   }
},
{
   "model": "auth.permission",
   "pk": 57,
   "fields": {
      "name": "Can add \u0422\u043e\u0432\u0430\u0440 \u0432 \u043a\u043e\u0440\u0437\u0438\u043d\u0435",
      "content_type": 15,
      "codename": "add_productinbasket"
   }
},
{
   "model": "auth.permission",
   "pk": 58,
   "fields": {
      "name": "Can change \u0422\u043e\u0432\u0430\u0440 \u0432 \u043a\u043e\u0440\u0437\u0438\u043d\u0435",
      "content_type": 15,
      "codename": "change_productinbasket"
   }
},
{
   "model": "auth.permission",
   "pk": 59,
   "fields": {
      "name": "Can delete \u0422\u043e\u0432\u0430\u0440 \u0432 \u043a\u043e\u0440\u0437\u0438\u043d\u0435",
      "content_type": 15,
      "codename": "delete_productinbasket"
   }
},
{
   "model": "auth.permission",
   "pk": 60,
   "fields": {
      "name": "Can view \u0422\u043e\u0432\u0430\u0440 \u0432 \u043a\u043e\u0440\u0437\u0438\u043d\u0435",
      "content_type": 15,
      "codename": "view_productinbasket"
   }
},
{
   "model": "auth.user",
   "pk": 1,
   "fields": {
      "password": "pbkdf2_sha256$120000$8xU10BIXQnG1$ZzAXH2DqTRXMZ2QitO+2fIsYeAdjgfHelNbDjJesO74=",
      "last_login": "2018-10-31T15:38:58.353Z",
      "is_superuser": true,
      "username": "admin",
      "first_name": "",
      "last_name": "",
      "email": "tok29@i.ua",
      "is_staff": true,
      "is_active": true,
      "date_joined": "2018-09-22T12:33:46.841Z",
      "groups": [],
      "user_permissions": []
   }
},
{
   "model": "admin.logentry",
   "pk": 1,
   "fields": {
      "action_time": "2018-09-22T12:39:47.098Z",
      "user": 1,
      "content_type": 7,
      "object_id": "1",
      "object_repr": "Subscriber object (1)",
      "action_flag": 1,
      "change_message": "[{\"added\": {}}]"
   }
},
{
   "model": "admin.logentry",
   "pk": 2,
   "fields": {
      "action_time": "2018-09-22T13:47:09.429Z",
      "user": 1,
      "content_type": 7,
      "object_id": "3",
      "object_repr": "my@i.ua Vlad",
      "action_flag": 2,
      "change_message": "[{\"changed\": {\"fields\": [\"email\", \"name\"]}}]"
   }
},
{
   "model": "admin.logentry",
   "pk": 3,
   "fields": {
      "action_time": "2018-09-22T14:01:00.994Z",
      "user": 1,
      "content_type": 7,
      "object_id": "5",
      "object_repr": "denec2007@i.ua Nagibsor denec2007p1",
      "action_flag": 3,
      "change_message": ""
   }
},
{
   "model": "admin.logentry",
   "pk": 4,
   "fields": {
      "action_time": "2018-09-22T14:01:36.099Z",
      "user": 1,
      "content_type": 7,
      "object_id": "6",
      "object_repr": "denec2007@i.ua Nagibsor denec2007p1",
      "action_flag": 3,
      "change_message": ""
   }
},
{
   "model": "admin.logentry",
   "pk": 5,
   "fields": {
      "action_time": "2018-09-23T11:53:09.479Z",
      "user": 1,
      "content_type": 12,
      "object_id": "1",
      "object_repr": "1 ",
      "action_flag": 1,
      "change_message": "[{\"added\": {}}]"
   }
},
{
   "model": "admin.logentry",
   "pk": 6,
   "fields": {
      "action_time": "2018-09-23T12:12:17.310Z",
      "user": 1,
      "content_type": 13,
      "object_id": "1",
      "object_repr": "1 ",
      "action_flag": 1,
      "change_message": "[{\"added\": {}}]"
   }
},
{
   "model": "admin.logentry",
   "pk": 7,
   "fields": {
      "action_time": "2018-09-23T12:14:07.325Z",
      "user": 1,
      "content_type": 12,
      "object_id": "2",
      "object_repr": "OTR 084 CALLIGRAFFITI ",
      "action_flag": 1,
      "change_message": "[{\"added\": {}}]"
   }
},
{
   "model": "admin.logentry",
   "pk": 8,
   "fields": {
      "action_time": "2018-09-23T12:14:44.841Z",
      "user": 1,
      "content_type": 13,
      "object_id": "2",
      "object_repr": "2 ",
      "action_flag": 1,
      "change_message": "[{\"added\": {}}]"
   }
},
{
   "model": "admin.logentry",
   "pk": 9,
   "fields": {
      "action_time": "2018-09-23T12:16:18.166Z",
      "user": 1,
      "content_type": 13,
      "object_id": "3",
      "object_repr": "3 ",
      "action_flag": 1,
      "change_message": "[{\"added\": {}}]"
   }
},
{
   "model": "admin.logentry",
   "pk": 10,
   "fields": {
      "action_time": "2018-09-23T12:20:45.057Z",
      "user": 1,
      "content_type": 13,
      "object_id": "4",
      "object_repr": "4 ",
      "action_flag": 1,
      "change_message": "[{\"added\": {}}]"
   }
},
{
   "model": "admin.logentry",
   "pk": 11,
   "fields": {
      "action_time": "2018-09-23T12:21:39.231Z",
      "user": 1,
      "content_type": 13,
      "object_id": "4",
      "object_repr": "4 ",
      "action_flag": 3,
      "change_message": ""
   }
},
{
   "model": "admin.logentry",
   "pk": 12,
   "fields": {
      "action_time": "2018-09-23T12:21:39.356Z",
      "user": 1,
      "content_type": 13,
      "object_id": "3",
      "object_repr": "3 ",
      "action_flag": 3,
      "change_message": ""
   }
},
{
   "model": "admin.logentry",
   "pk": 13,
   "fields": {
      "action_time": "2018-09-23T12:21:39.508Z",
      "user": 1,
      "content_type": 13,
      "object_id": "2",
      "object_repr": "2 ",
      "action_flag": 3,
      "change_message": ""
   }
},
{
   "model": "admin.logentry",
   "pk": 14,
   "fields": {
      "action_time": "2018-09-23T12:21:39.651Z",
      "user": 1,
      "content_type": 13,
      "object_id": "1",
      "object_repr": "1 ",
      "action_flag": 3,
      "change_message": ""
   }
},
{
   "model": "admin.logentry",
   "pk": 15,
   "fields": {
      "action_time": "2018-09-23T12:23:16.461Z",
      "user": 1,
      "content_type": 13,
      "object_id": "1",
      "object_repr": "1 ",
      "action_flag": 1,
      "change_message": "[{\"added\": {}}]"
   }
},
{
   "model": "admin.logentry",
   "pk": 16,
   "fields": {
      "action_time": "2018-09-23T12:24:04.129Z",
      "user": 1,
      "content_type": 13,
      "object_id": "2",
      "object_repr": "2 ",
      "action_flag": 1,
      "change_message": "[{\"added\": {}}]"
   }
},
{
   "model": "admin.logentry",
   "pk": 17,
   "fields": {
      "action_time": "2018-09-23T12:24:15.626Z",
      "user": 1,
      "content_type": 13,
      "object_id": "3",
      "object_repr": "3 ",
      "action_flag": 1,
      "change_message": "[{\"added\": {}}]"
   }
},
{
   "model": "admin.logentry",
   "pk": 18,
   "fields": {
      "action_time": "2018-09-23T12:35:35.375Z",
      "user": 1,
      "content_type": 8,
      "object_id": "1",
      "object_repr": "\u0421\u0442\u0430\u0442\u0443\u0441 1 ",
      "action_flag": 1,
      "change_message": "[{\"added\": {}}]"
   }
},
{
   "model": "admin.logentry",
   "pk": 19,
   "fields": {
      "action_time": "2018-09-23T12:35:44.842Z",
      "user": 1,
      "content_type": 8,
      "object_id": "2",
      "object_repr": "\u0421\u0442\u0430\u0442\u0443\u0441 2 ",
      "action_flag": 1,
      "change_message": "[{\"added\": {}}]"
   }
},
{
   "model": "admin.logentry",
   "pk": 20,
   "fields": {
      "action_time": "2018-09-23T12:36:01.169Z",
      "user": 1,
      "content_type": 8,
      "object_id": "3",
      "object_repr": "\u0421\u0442\u0430\u0442\u0443\u0441 3 ",
      "action_flag": 1,
      "change_message": "[{\"added\": {}}]"
   }
},
{
   "model": "admin.logentry",
   "pk": 21,
   "fields": {
      "action_time": "2018-09-23T12:36:08.402Z",
      "user": 1,
      "content_type": 8,
      "object_id": "4",
      "object_repr": "\u0421\u0442\u0430\u0442\u0443\u0441 4 ",
      "action_flag": 1,
      "change_message": "[{\"added\": {}}]"
   }
},
{
   "model": "admin.logentry",
   "pk": 22,
   "fields": {
      "action_time": "2018-09-23T12:37:27.050Z",
      "user": 1,
      "content_type": 9,
      "object_id": "1",
      "object_repr": "\u0417\u0430\u043a\u0430\u0437 1 \u0421\u0442\u0430\u0442\u0443\u0441: \u041d\u043e\u0432\u044b\u0439 ",
      "action_flag": 1,
      "change_message": "[{\"added\": {}}]"
   }
},
{
   "model": "admin.logentry",
   "pk": 23,
   "fields": {
      "action_time": "2018-09-23T12:39:20.215Z",
      "user": 1,
      "content_type": 10,
      "object_id": "1",
      "object_repr": "OTR 070 HARDTOBUFF",
      "action_flag": 1,
      "change_message": "[{\"added\": {}}]"
   }
},
{
   "model": "admin.logentry",
   "pk": 24,
   "fields": {
      "action_time": "2018-09-23T13:06:35.418Z",
      "user": 1,
      "content_type": 9,
      "object_id": "1",
      "object_repr": "\u0417\u0430\u043a\u0430\u0437 1 \u0421\u0442\u0430\u0442\u0443\u0441: \u041d\u043e\u0432\u044b\u0439 ",
      "action_flag": 2,
      "change_message": "[{\"changed\": {\"fields\": [\"customer_adress\"]}}]"
   }
},
{
   "model": "admin.logentry",
   "pk": 25,
   "fields": {
      "action_time": "2018-09-23T13:32:16.846Z",
      "user": 1,
      "content_type": 12,
      "object_id": "2",
      "object_repr": "OTR 084 CALLIGRAFFITI ",
      "action_flag": 2,
      "change_message": "[{\"changed\": {\"fields\": [\"price\"]}}]"
   }
},
{
   "model": "admin.logentry",
   "pk": 26,
   "fields": {
      "action_time": "2018-09-23T13:32:32.008Z",
      "user": 1,
      "content_type": 12,
      "object_id": "1",
      "object_repr": "OTR 070 HARDTOBUFF ",
      "action_flag": 2,
      "change_message": "[{\"changed\": {\"fields\": [\"price\"]}}]"
   }
},
{
   "model": "admin.logentry",
   "pk": 27,
   "fields": {
      "action_time": "2018-09-23T13:37:15.999Z",
      "user": 1,
      "content_type": 9,
      "object_id": "2",
      "object_repr": "\u0417\u0430\u043a\u0430\u0437 2 \u0421\u0442\u0430\u0442\u0443\u0441: \u041d\u043e\u0432\u044b\u0439 ",
      "action_flag": 1,
      "change_message": "[{\"added\": {}}, {\"added\": {\"name\": \"\\u0422\\u043e\\u0432\\u0430\\u0440 \\u0432 \\u0437\\u0430\\u043a\\u0430\\u0437\\u0435\", \"object\": \"OTR 070 HARDTOBUFF\"}}]"
   }
},
{
   "model": "admin.logentry",
   "pk": 28,
   "fields": {
      "action_time": "2018-09-23T13:48:57.274Z",
      "user": 1,
      "content_type": 9,
      "object_id": "3",
      "object_repr": "\u0417\u0430\u043a\u0430\u0437 3 \u0421\u0442\u0430\u0442\u0443\u0441: \u041d\u043e\u0432\u044b\u0439 ",
      "action_flag": 1,
      "change_message": "[{\"added\": {}}, {\"added\": {\"name\": \"\\u0422\\u043e\\u0432\\u0430\\u0440 \\u0432 \\u0437\\u0430\\u043a\\u0430\\u0437\\u0435\", \"object\": \"OTR 070 HARDTOBUFF\"}}]"
   }
},
{
   "model": "admin.logentry",
   "pk": 29,
   "fields": {
      "action_time": "2018-09-23T13:49:58.412Z",
      "user": 1,
      "content_type": 9,
      "object_id": "4",
      "object_repr": "\u0417\u0430\u043a\u0430\u0437 4 \u0421\u0442\u0430\u0442\u0443\u0441: \u041d\u043e\u0432\u044b\u0439 ",
      "action_flag": 1,
      "change_message": "[{\"added\": {}}, {\"added\": {\"name\": \"\\u0422\\u043e\\u0432\\u0430\\u0440 \\u0432 \\u0437\\u0430\\u043a\\u0430\\u0437\\u0435\", \"object\": \"OTR 084 CALLIGRAFFITI\"}}]"
   }
},
{
   "model": "admin.logentry",
   "pk": 30,
   "fields": {
      "action_time": "2018-09-23T13:53:06.000Z",
      "user": 1,
      "content_type": 9,
      "object_id": "5",
      "object_repr": "\u0417\u0430\u043a\u0430\u0437 5 \u0421\u0442\u0430\u0442\u0443\u0441: \u041d\u043e\u0432\u044b\u0439 ",
      "action_flag": 1,
      "change_message": "[{\"added\": {}}, {\"added\": {\"name\": \"\\u0422\\u043e\\u0432\\u0430\\u0440 \\u0432 \\u0437\\u0430\\u043a\\u0430\\u0437\\u0435\", \"object\": \"OTR 070 HARDTOBUFF\"}}]"
   }
},
{
   "model": "admin.logentry",
   "pk": 31,
   "fields": {
      "action_time": "2018-09-23T13:55:18.482Z",
      "user": 1,
      "content_type": 9,
      "object_id": "6",
      "object_repr": "\u0417\u0430\u043a\u0430\u0437 6 \u0421\u0442\u0430\u0442\u0443\u0441: \u041d\u043e\u0432\u044b\u0439 ",
      "action_flag": 1,
      "change_message": "[{\"added\": {}}, {\"added\": {\"name\": \"\\u0422\\u043e\\u0432\\u0430\\u0440 \\u0432 \\u0437\\u0430\\u043a\\u0430\\u0437\\u0435\", \"object\": \"OTR 070 HARDTOBUFF\"}}]"
   }
},
{
   "model": "admin.logentry",
   "pk": 32,
   "fields": {
      "action_time": "2018-09-23T13:56:51.724Z",
      "user": 1,
      "content_type": 9,
      "object_id": "6",
      "object_repr": "\u0417\u0430\u043a\u0430\u0437 6 \u0421\u0442\u0430\u0442\u0443\u0441: \u041d\u043e\u0432\u044b\u0439 ",
      "action_flag": 2,
      "change_message": "[{\"added\": {\"name\": \"\\u0422\\u043e\\u0432\\u0430\\u0440 \\u0432 \\u0437\\u0430\\u043a\\u0430\\u0437\\u0435\", \"object\": \"OTR 084 CALLIGRAFFITI\"}}]"
   }
},
{
   "model": "admin.logentry",
   "pk": 33,
   "fields": {
      "action_time": "2018-09-23T15:18:21.517Z",
      "user": 1,
      "content_type": 10,
      "object_id": "7",
      "object_repr": "OTR 084 CALLIGRAFFITI",
      "action_flag": 2,
      "change_message": "[{\"changed\": {\"fields\": [\"is_active\"]}}]"
   }
},
{
   "model": "admin.logentry",
   "pk": 34,
   "fields": {
      "action_time": "2018-09-23T15:18:47.282Z",
      "user": 1,
      "content_type": 10,
      "object_id": "7",
      "object_repr": "OTR 084 CALLIGRAFFITI",
      "action_flag": 3,
      "change_message": ""
   }
},
{
   "model": "admin.logentry",
   "pk": 35,
   "fields": {
      "action_time": "2018-09-23T15:18:47.399Z",
      "user": 1,
      "content_type": 10,
      "object_id": "6",
      "object_repr": "OTR 070 HARDTOBUFF",
      "action_flag": 3,
      "change_message": ""
   }
},
{
   "model": "admin.logentry",
   "pk": 36,
   "fields": {
      "action_time": "2018-09-23T17:57:13.104Z",
      "user": 1,
      "content_type": 9,
      "object_id": "7",
      "object_repr": "\u0417\u0430\u043a\u0430\u0437 7 \u0421\u0442\u0430\u0442\u0443\u0441: \u041d\u043e\u0432\u044b\u0439 ",
      "action_flag": 1,
      "change_message": "[{\"added\": {}}, {\"added\": {\"name\": \"\\u0422\\u043e\\u0432\\u0430\\u0440 \\u0432 \\u0437\\u0430\\u043a\\u0430\\u0437\\u0435\", \"object\": \"OTR 070 HARDTOBUFF\"}}, {\"added\": {\"name\": \"\\u0422\\u043e\\u0432\\u0430\\u0440 \\u0432 \\u0437\\u0430\\u043a\\u0430\\u0437\\u0435\", \"object\": \"OTR 084 CALLIGRAFFITI\"}}]"
   }
},
{
   "model": "admin.logentry",
   "pk": 37,
   "fields": {
      "action_time": "2018-09-23T19:54:45.466Z",
      "user": 1,
      "content_type": 12,
      "object_id": "3",
      "object_repr": "MONTANA GOLD ",
      "action_flag": 1,
      "change_message": "[{\"added\": {}}, {\"added\": {\"name\": \"\\u0424\\u043e\\u0442\\u043e\\u0433\\u0440\\u0430\\u0444\\u0438\\u044f\", \"object\": \"4 \"}}]"
   }
},
{
   "model": "admin.logentry",
   "pk": 38,
   "fields": {
      "action_time": "2018-09-23T19:55:48.194Z",
      "user": 1,
      "content_type": 12,
      "object_id": "4",
      "object_repr": "MTN 94 ",
      "action_flag": 1,
      "change_message": "[{\"added\": {}}]"
   }
},
{
   "model": "admin.logentry",
   "pk": 39,
   "fields": {
      "action_time": "2018-09-23T19:56:19.796Z",
      "user": 1,
      "content_type": 12,
      "object_id": "4",
      "object_repr": "MTN 94 ",
      "action_flag": 2,
      "change_message": "[{\"added\": {\"name\": \"\\u0424\\u043e\\u0442\\u043e\\u0433\\u0440\\u0430\\u0444\\u0438\\u044f\", \"object\": \"5 \"}}]"
   }
},
{
   "model": "admin.logentry",
   "pk": 40,
   "fields": {
      "action_time": "2018-09-23T21:01:46.574Z",
      "user": 1,
      "content_type": 13,
      "object_id": "5",
      "object_repr": "5 ",
      "action_flag": 2,
      "change_message": "[{\"changed\": {\"fields\": [\"is_main\"]}}]"
   }
},
{
   "model": "admin.logentry",
   "pk": 41,
   "fields": {
      "action_time": "2018-09-23T21:01:52.663Z",
      "user": 1,
      "content_type": 13,
      "object_id": "4",
      "object_repr": "4 ",
      "action_flag": 2,
      "change_message": "[{\"changed\": {\"fields\": [\"is_main\"]}}]"
   }
},
{
   "model": "admin.logentry",
   "pk": 42,
   "fields": {
      "action_time": "2018-09-23T21:01:58.095Z",
      "user": 1,
      "content_type": 13,
      "object_id": "3",
      "object_repr": "3 ",
      "action_flag": 2,
      "change_message": "[{\"changed\": {\"fields\": [\"is_main\"]}}]"
   }
},
{
   "model": "admin.logentry",
   "pk": 43,
   "fields": {
      "action_time": "2018-09-23T21:02:05.477Z",
      "user": 1,
      "content_type": 13,
      "object_id": "1",
      "object_repr": "1 ",
      "action_flag": 2,
      "change_message": "[{\"changed\": {\"fields\": [\"is_main\"]}}]"
   }
},
{
   "model": "admin.logentry",
   "pk": 44,
   "fields": {
      "action_time": "2018-09-23T21:19:50.524Z",
      "user": 1,
      "content_type": 13,
      "object_id": "5",
      "object_repr": "5 ",
      "action_flag": 3,
      "change_message": ""
   }
},
{
   "model": "admin.logentry",
   "pk": 45,
   "fields": {
      "action_time": "2018-09-23T21:19:50.675Z",
      "user": 1,
      "content_type": 13,
      "object_id": "4",
      "object_repr": "4 ",
      "action_flag": 3,
      "change_message": ""
   }
},
{
   "model": "admin.logentry",
   "pk": 46,
   "fields": {
      "action_time": "2018-09-23T21:19:50.874Z",
      "user": 1,
      "content_type": 13,
      "object_id": "3",
      "object_repr": "3 ",
      "action_flag": 3,
      "change_message": ""
   }
},
{
   "model": "admin.logentry",
   "pk": 47,
   "fields": {
      "action_time": "2018-09-23T21:19:51.002Z",
      "user": 1,
      "content_type": 13,
      "object_id": "2",
      "object_repr": "2 ",
      "action_flag": 3,
      "change_message": ""
   }
},
{
   "model": "admin.logentry",
   "pk": 48,
   "fields": {
      "action_time": "2018-09-23T21:19:51.152Z",
      "user": 1,
      "content_type": 13,
      "object_id": "1",
      "object_repr": "1 ",
      "action_flag": 3,
      "change_message": ""
   }
},
{
   "model": "admin.logentry",
   "pk": 49,
   "fields": {
      "action_time": "2018-09-23T21:20:04.546Z",
      "user": 1,
      "content_type": 12,
      "object_id": "1",
      "object_repr": "OTR 070 HARDTOBUFF ",
      "action_flag": 2,
      "change_message": "[{\"added\": {\"name\": \"\\u0424\\u043e\\u0442\\u043e\\u0433\\u0440\\u0430\\u0444\\u0438\\u044f\", \"object\": \"6 \"}}]"
   }
},
{
   "model": "admin.logentry",
   "pk": 50,
   "fields": {
      "action_time": "2018-09-23T21:20:12.747Z",
      "user": 1,
      "content_type": 12,
      "object_id": "2",
      "object_repr": "OTR 084 CALLIGRAFFITI ",
      "action_flag": 2,
      "change_message": "[{\"added\": {\"name\": \"\\u0424\\u043e\\u0442\\u043e\\u0433\\u0440\\u0430\\u0444\\u0438\\u044f\", \"object\": \"7 \"}}]"
   }
},
{
   "model": "admin.logentry",
   "pk": 51,
   "fields": {
      "action_time": "2018-09-23T21:20:22.467Z",
      "user": 1,
      "content_type": 12,
      "object_id": "3",
      "object_repr": "MONTANA GOLD ",
      "action_flag": 2,
      "change_message": "[{\"added\": {\"name\": \"\\u0424\\u043e\\u0442\\u043e\\u0433\\u0440\\u0430\\u0444\\u0438\\u044f\", \"object\": \"8 \"}}]"
   }
},
{
   "model": "admin.logentry",
   "pk": 52,
   "fields": {
      "action_time": "2018-09-23T21:20:32.392Z",
      "user": 1,
      "content_type": 12,
      "object_id": "4",
      "object_repr": "MTN 94 ",
      "action_flag": 2,
      "change_message": "[{\"added\": {\"name\": \"\\u0424\\u043e\\u0442\\u043e\\u0433\\u0440\\u0430\\u0444\\u0438\\u044f\", \"object\": \"9 \"}}]"
   }
},
{
   "model": "admin.logentry",
   "pk": 53,
   "fields": {
      "action_time": "2018-09-23T21:20:45.146Z",
      "user": 1,
      "content_type": 13,
      "object_id": "9",
      "object_repr": "9 ",
      "action_flag": 2,
      "change_message": "[{\"changed\": {\"fields\": [\"is_main\"]}}]"
   }
},
{
   "model": "admin.logentry",
   "pk": 54,
   "fields": {
      "action_time": "2018-09-23T21:20:49.667Z",
      "user": 1,
      "content_type": 13,
      "object_id": "8",
      "object_repr": "8 ",
      "action_flag": 2,
      "change_message": "[{\"changed\": {\"fields\": [\"is_main\"]}}]"
   }
},
{
   "model": "admin.logentry",
   "pk": 55,
   "fields": {
      "action_time": "2018-09-23T21:20:53.625Z",
      "user": 1,
      "content_type": 13,
      "object_id": "7",
      "object_repr": "7 ",
      "action_flag": 2,
      "change_message": "[{\"changed\": {\"fields\": [\"is_main\"]}}]"
   }
},
{
   "model": "admin.logentry",
   "pk": 56,
   "fields": {
      "action_time": "2018-09-23T21:20:57.654Z",
      "user": 1,
      "content_type": 13,
      "object_id": "6",
      "object_repr": "6 ",
      "action_flag": 2,
      "change_message": "[{\"changed\": {\"fields\": [\"is_main\"]}}]"
   }
},
{
   "model": "admin.logentry",
   "pk": 57,
   "fields": {
      "action_time": "2018-09-24T15:09:05.307Z",
      "user": 1,
      "content_type": 14,
      "object_id": "1",
      "object_repr": "\u0410\u044d\u0440\u043e\u0437\u043e\u043b\u044c\u043d\u0430\u044f \u043a\u0440\u0430\u0441\u043a\u0430 ",
      "action_flag": 1,
      "change_message": "[{\"added\": {}}]"
   }
},
{
   "model": "admin.logentry",
   "pk": 58,
   "fields": {
      "action_time": "2018-09-24T15:09:09.408Z",
      "user": 1,
      "content_type": 12,
      "object_id": "4",
      "object_repr": "MTN 94 ",
      "action_flag": 2,
      "change_message": "[{\"changed\": {\"fields\": [\"category\"]}}]"
   }
},
{
   "model": "admin.logentry",
   "pk": 59,
   "fields": {
      "action_time": "2018-09-24T15:09:18.054Z",
      "user": 1,
      "content_type": 12,
      "object_id": "3",
      "object_repr": "MONTANA GOLD ",
      "action_flag": 2,
      "change_message": "[{\"changed\": {\"fields\": [\"category\"]}}]"
   }
},
{
   "model": "admin.logentry",
   "pk": 60,
   "fields": {
      "action_time": "2018-09-24T15:09:26.296Z",
      "user": 1,
      "content_type": 14,
      "object_id": "2",
      "object_repr": "\u041c\u0430\u0440\u043a\u0435\u0440 ",
      "action_flag": 1,
      "change_message": "[{\"added\": {}}]"
   }
},
{
   "model": "admin.logentry",
   "pk": 61,
   "fields": {
      "action_time": "2018-09-24T15:09:29.536Z",
      "user": 1,
      "content_type": 12,
      "object_id": "2",
      "object_repr": "OTR 084 CALLIGRAFFITI ",
      "action_flag": 2,
      "change_message": "[{\"changed\": {\"fields\": [\"category\"]}}]"
   }
},
{
   "model": "admin.logentry",
   "pk": 62,
   "fields": {
      "action_time": "2018-09-24T15:09:36.888Z",
      "user": 1,
      "content_type": 12,
      "object_id": "1",
      "object_repr": "OTR 070 HARDTOBUFF ",
      "action_flag": 2,
      "change_message": "[{\"changed\": {\"fields\": [\"category\"]}}]"
   }
},
{
   "model": "admin.logentry",
   "pk": 63,
   "fields": {
      "action_time": "2018-09-24T15:10:56.330Z",
      "user": 1,
      "content_type": 12,
      "object_id": "3",
      "object_repr": "MONTANA GOLD ",
      "action_flag": 2,
      "change_message": "[{\"changed\": {\"fields\": [\"discount\"]}}]"
   }
},
{
   "model": "admin.logentry",
   "pk": 64,
   "fields": {
      "action_time": "2018-09-24T15:20:12.997Z",
      "user": 1,
      "content_type": 12,
      "object_id": "3",
      "object_repr": "MONTANA GOLD ",
      "action_flag": 2,
      "change_message": "[{\"changed\": {\"fields\": [\"category\"]}}]"
   }
},
{
   "model": "admin.logentry",
   "pk": 65,
   "fields": {
      "action_time": "2018-09-24T15:37:09.391Z",
      "user": 1,
      "content_type": 13,
      "object_id": "10",
      "object_repr": "10 ",
      "action_flag": 1,
      "change_message": "[{\"added\": {}}]"
   }
},
{
   "model": "admin.logentry",
   "pk": 66,
   "fields": {
      "action_time": "2018-09-24T15:37:26.669Z",
      "user": 1,
      "content_type": 13,
      "object_id": "8",
      "object_repr": "8 ",
      "action_flag": 2,
      "change_message": "[{\"changed\": {\"fields\": [\"is_active\", \"is_main\"]}}]"
   }
},
{
   "model": "admin.logentry",
   "pk": 67,
   "fields": {
      "action_time": "2018-09-24T15:37:53.386Z",
      "user": 1,
      "content_type": 13,
      "object_id": "9",
      "object_repr": "9 ",
      "action_flag": 3,
      "change_message": ""
   }
},
{
   "model": "admin.logentry",
   "pk": 68,
   "fields": {
      "action_time": "2018-09-24T15:37:53.504Z",
      "user": 1,
      "content_type": 13,
      "object_id": "8",
      "object_repr": "8 ",
      "action_flag": 3,
      "change_message": ""
   }
},
{
   "model": "admin.logentry",
   "pk": 69,
   "fields": {
      "action_time": "2018-09-24T15:37:53.703Z",
      "user": 1,
      "content_type": 13,
      "object_id": "7",
      "object_repr": "7 ",
      "action_flag": 3,
      "change_message": ""
   }
},
{
   "model": "admin.logentry",
   "pk": 70,
   "fields": {
      "action_time": "2018-09-24T15:37:54.094Z",
      "user": 1,
      "content_type": 13,
      "object_id": "6",
      "object_repr": "6 ",
      "action_flag": 3,
      "change_message": ""
   }
},
{
   "model": "admin.logentry",
   "pk": 71,
   "fields": {
      "action_time": "2018-09-24T15:38:11.139Z",
      "user": 1,
      "content_type": 13,
      "object_id": "11",
      "object_repr": "11 ",
      "action_flag": 1,
      "change_message": "[{\"added\": {}}]"
   }
},
{
   "model": "admin.logentry",
   "pk": 72,
   "fields": {
      "action_time": "2018-09-24T15:38:26.272Z",
      "user": 1,
      "content_type": 13,
      "object_id": "12",
      "object_repr": "12 ",
      "action_flag": 1,
      "change_message": "[{\"added\": {}}]"
   }
},
{
   "model": "admin.logentry",
   "pk": 73,
   "fields": {
      "action_time": "2018-09-24T15:38:39.982Z",
      "user": 1,
      "content_type": 13,
      "object_id": "13",
      "object_repr": "13 ",
      "action_flag": 1,
      "change_message": "[{\"added\": {}}]"
   }
},
{
   "model": "admin.logentry",
   "pk": 74,
   "fields": {
      "action_time": "2018-09-24T16:21:57.133Z",
      "user": 1,
      "content_type": 12,
      "object_id": "4",
      "object_repr": "MTN 94 ",
      "action_flag": 2,
      "change_message": "[{\"changed\": {\"fields\": [\"discount\"]}}]"
   }
},
{
   "model": "admin.logentry",
   "pk": 75,
   "fields": {
      "action_time": "2018-09-24T21:53:52.622Z",
      "user": 1,
      "content_type": 12,
      "object_id": "1",
      "object_repr": "OTR 070 HARDTOBUFF ",
      "action_flag": 2,
      "change_message": "[{\"changed\": {\"name\": \"\\u0424\\u043e\\u0442\\u043e\\u0433\\u0440\\u0430\\u0444\\u0438\\u044f\", \"object\": \"11 \", \"fields\": [\"image\", \"is_main\"]}}]"
   }
},
{
   "model": "admin.logentry",
   "pk": 76,
   "fields": {
      "action_time": "2018-09-24T21:55:14.922Z",
      "user": 1,
      "content_type": 12,
      "object_id": "1",
      "object_repr": "OTR 070 HARDTOBUFF ",
      "action_flag": 2,
      "change_message": "[{\"changed\": {\"name\": \"\\u0424\\u043e\\u0442\\u043e\\u0433\\u0440\\u0430\\u0444\\u0438\\u044f\", \"object\": \"11 \", \"fields\": [\"is_main\"]}}]"
   }
},
{
   "model": "admin.logentry",
   "pk": 77,
   "fields": {
      "action_time": "2018-09-24T21:57:22.485Z",
      "user": 1,
      "content_type": 13,
      "object_id": "11",
      "object_repr": "11 ",
      "action_flag": 2,
      "change_message": "[{\"changed\": {\"fields\": [\"image\", \"is_main\"]}}]"
   }
},
{
   "model": "admin.logentry",
   "pk": 78,
   "fields": {
      "action_time": "2018-09-24T21:58:13.312Z",
      "user": 1,
      "content_type": 12,
      "object_id": "1",
      "object_repr": "OTR 070 HARDTOBUFF ",
      "action_flag": 2,
      "change_message": "[{\"added\": {\"name\": \"\\u0424\\u043e\\u0442\\u043e\\u0433\\u0440\\u0430\\u0444\\u0438\\u044f\", \"object\": \"14 \"}}]"
   }
},
{
   "model": "admin.logentry",
   "pk": 79,
   "fields": {
      "action_time": "2018-09-24T21:58:59.222Z",
      "user": 1,
      "content_type": 13,
      "object_id": "11",
      "object_repr": "11 ",
      "action_flag": 3,
      "change_message": ""
   }
},
{
   "model": "admin.logentry",
   "pk": 80,
   "fields": {
      "action_time": "2018-09-26T15:47:51.323Z",
      "user": 1,
      "content_type": 12,
      "object_id": "4",
      "object_repr": "MTN 94 ",
      "action_flag": 2,
      "change_message": "[{\"deleted\": {\"name\": \"\\u0424\\u043e\\u0442\\u043e\\u0433\\u0440\\u0430\\u0444\\u0438\\u044f\", \"object\": \"None \"}}]"
   }
},
{
   "model": "admin.logentry",
   "pk": 81,
   "fields": {
      "action_time": "2018-09-26T15:48:53.410Z",
      "user": 1,
      "content_type": 12,
      "object_id": "5",
      "object_repr": "Dope Classic ",
      "action_flag": 1,
      "change_message": "[{\"added\": {}}, {\"added\": {\"name\": \"\\u0424\\u043e\\u0442\\u043e\\u0433\\u0440\\u0430\\u0444\\u0438\\u044f\", \"object\": \"15 \"}}]"
   }
},
{
   "model": "admin.logentry",
   "pk": 82,
   "fields": {
      "action_time": "2018-09-26T15:50:17.890Z",
      "user": 1,
      "content_type": 12,
      "object_id": "6",
      "object_repr": "94 PAINT MARKER ",
      "action_flag": 1,
      "change_message": "[{\"added\": {}}, {\"added\": {\"name\": \"\\u0424\\u043e\\u0442\\u043e\\u0433\\u0440\\u0430\\u0444\\u0438\\u044f\", \"object\": \"16 \"}}]"
   }
},
{
   "model": "admin.logentry",
   "pk": 83,
   "fields": {
      "action_time": "2018-09-26T15:51:17.969Z",
      "user": 1,
      "content_type": 12,
      "object_id": "4",
      "object_repr": "MTN 94 ",
      "action_flag": 2,
      "change_message": "[{\"added\": {\"name\": \"\\u0424\\u043e\\u0442\\u043e\\u0433\\u0440\\u0430\\u0444\\u0438\\u044f\", \"object\": \"17 \"}}]"
   }
},
{
   "model": "admin.logentry",
   "pk": 84,
   "fields": {
      "action_time": "2018-09-26T15:51:24.991Z",
      "user": 1,
      "content_type": 12,
      "object_id": "6",
      "object_repr": "94 PAINT MARKER ",
      "action_flag": 2,
      "change_message": "[{\"changed\": {\"name\": \"\\u0424\\u043e\\u0442\\u043e\\u0433\\u0440\\u0430\\u0444\\u0438\\u044f\", \"object\": \"16 \", \"fields\": [\"is_main\"]}}]"
   }
},
{
   "model": "admin.logentry",
   "pk": 85,
   "fields": {
      "action_time": "2018-09-26T15:51:31.066Z",
      "user": 1,
      "content_type": 12,
      "object_id": "5",
      "object_repr": "Dope Classic ",
      "action_flag": 2,
      "change_message": "[{\"changed\": {\"name\": \"\\u0424\\u043e\\u0442\\u043e\\u0433\\u0440\\u0430\\u0444\\u0438\\u044f\", \"object\": \"15 \", \"fields\": [\"is_main\"]}}]"
   }
},
{
   "model": "admin.logentry",
   "pk": 86,
   "fields": {
      "action_time": "2018-09-26T19:19:12.687Z",
      "user": 1,
      "content_type": 12,
      "object_id": "7",
      "object_repr": "MTN NITRO 2G COLORS 500ml ",
      "action_flag": 1,
      "change_message": "[{\"added\": {}}, {\"added\": {\"name\": \"\\u0424\\u043e\\u0442\\u043e\\u0433\\u0440\\u0430\\u0444\\u0438\\u044f\", \"object\": \"18 \"}}]"
   }
},
{
   "model": "admin.logentry",
   "pk": 87,
   "fields": {
      "action_time": "2018-09-26T19:20:53.678Z",
      "user": 1,
      "content_type": 12,
      "object_id": "8",
      "object_repr": "KOBRA ",
      "action_flag": 1,
      "change_message": "[{\"added\": {}}, {\"added\": {\"name\": \"\\u0424\\u043e\\u0442\\u043e\\u0433\\u0440\\u0430\\u0444\\u0438\\u044f\", \"object\": \"19 \"}}]"
   }
},
{
   "model": "admin.logentry",
   "pk": 88,
   "fields": {
      "action_time": "2018-09-26T19:21:46.529Z",
      "user": 1,
      "content_type": 12,
      "object_id": "8",
      "object_repr": "KOBRA ",
      "action_flag": 2,
      "change_message": "[{\"changed\": {\"name\": \"\\u0424\\u043e\\u0442\\u043e\\u0433\\u0440\\u0430\\u0444\\u0438\\u044f\", \"object\": \"19 \", \"fields\": [\"is_main\"]}}]"
   }
},
{
   "model": "admin.logentry",
   "pk": 89,
   "fields": {
      "action_time": "2018-09-26T19:22:49.988Z",
      "user": 1,
      "content_type": 12,
      "object_id": "9",
      "object_repr": "STREET MARKER ",
      "action_flag": 1,
      "change_message": "[{\"added\": {}}, {\"added\": {\"name\": \"\\u0424\\u043e\\u0442\\u043e\\u0433\\u0440\\u0430\\u0444\\u0438\\u044f\", \"object\": \"20 \"}}]"
   }
},
{
   "model": "admin.logentry",
   "pk": 90,
   "fields": {
      "action_time": "2018-09-26T19:24:17.753Z",
      "user": 1,
      "content_type": 12,
      "object_id": "10",
      "object_repr": "Molotow Burner Chrome 600ml ",
      "action_flag": 1,
      "change_message": "[{\"added\": {}}, {\"added\": {\"name\": \"\\u0424\\u043e\\u0442\\u043e\\u0433\\u0440\\u0430\\u0444\\u0438\\u044f\", \"object\": \"21 \"}}]"
   }
},
{
   "model": "admin.logentry",
   "pk": 91,
   "fields": {
      "action_time": "2018-09-26T19:25:31.451Z",
      "user": 1,
      "content_type": 12,
      "object_id": "11",
      "object_repr": "MTN HARDCORE 2 ",
      "action_flag": 1,
      "change_message": "[{\"added\": {}}, {\"added\": {\"name\": \"\\u0424\\u043e\\u0442\\u043e\\u0433\\u0440\\u0430\\u0444\\u0438\\u044f\", \"object\": \"22 \"}}]"
   }
},
{
   "model": "admin.logentry",
   "pk": 92,
   "fields": {
      "action_time": "2018-09-26T19:31:06.080Z",
      "user": 1,
      "content_type": 12,
      "object_id": "3",
      "object_repr": "MONTANA GOLD ",
      "action_flag": 2,
      "change_message": "[{\"added\": {\"name\": \"\\u0424\\u043e\\u0442\\u043e\\u0433\\u0440\\u0430\\u0444\\u0438\\u044f\", \"object\": \"23 \"}}, {\"changed\": {\"name\": \"\\u0424\\u043e\\u0442\\u043e\\u0433\\u0440\\u0430\\u0444\\u0438\\u044f\", \"object\": \"10 \", \"fields\": [\"is_active\", \"is_main\"]}}]"
   }
},
{
   "model": "admin.logentry",
   "pk": 93,
   "fields": {
      "action_time": "2018-09-26T19:31:39.246Z",
      "user": 1,
      "content_type": 12,
      "object_id": "3",
      "object_repr": "MONTANA GOLD ",
      "action_flag": 2,
      "change_message": "[{\"deleted\": {\"name\": \"\\u0424\\u043e\\u0442\\u043e\\u0433\\u0440\\u0430\\u0444\\u0438\\u044f\", \"object\": \"None \"}}]"
   }
},
{
   "model": "admin.logentry",
   "pk": 94,
   "fields": {
      "action_time": "2018-09-26T19:37:16.052Z",
      "user": 1,
      "content_type": 12,
      "object_id": "2",
      "object_repr": "OTR 084 CALLIGRAFFITI ",
      "action_flag": 2,
      "change_message": "[{\"added\": {\"name\": \"\\u0424\\u043e\\u0442\\u043e\\u0433\\u0440\\u0430\\u0444\\u0438\\u044f\", \"object\": \"24 \"}}, {\"deleted\": {\"name\": \"\\u0424\\u043e\\u0442\\u043e\\u0433\\u0440\\u0430\\u0444\\u0438\\u044f\", \"object\": \"None \"}}]"
   }
},
{
   "model": "admin.logentry",
   "pk": 95,
   "fields": {
      "action_time": "2018-09-26T19:58:57.871Z",
      "user": 1,
      "content_type": 12,
      "object_id": "11",
      "object_repr": "MTN HARDCORE 2 ",
      "action_flag": 2,
      "change_message": "[]"
   }
},
{
   "model": "admin.logentry",
   "pk": 96,
   "fields": {
      "action_time": "2018-09-29T16:07:45.045Z",
      "user": 1,
      "content_type": 15,
      "object_id": "11",
      "object_repr": "KOBRA",
      "action_flag": 3,
      "change_message": ""
   }
},
{
   "model": "admin.logentry",
   "pk": 97,
   "fields": {
      "action_time": "2018-09-29T16:07:45.339Z",
      "user": 1,
      "content_type": 15,
      "object_id": "10",
      "object_repr": "KOBRA",
      "action_flag": 3,
      "change_message": ""
   }
},
{
   "model": "admin.logentry",
   "pk": 98,
   "fields": {
      "action_time": "2018-09-29T16:07:45.505Z",
      "user": 1,
      "content_type": 15,
      "object_id": "9",
      "object_repr": "KOBRA",
      "action_flag": 3,
      "change_message": ""
   }
},
{
   "model": "admin.logentry",
   "pk": 99,
   "fields": {
      "action_time": "2018-09-29T16:07:45.571Z",
      "user": 1,
      "content_type": 15,
      "object_id": "8",
      "object_repr": "KOBRA",
      "action_flag": 3,
      "change_message": ""
   }
},
{
   "model": "admin.logentry",
   "pk": 100,
   "fields": {
      "action_time": "2018-09-29T16:07:45.683Z",
      "user": 1,
      "content_type": 15,
      "object_id": "7",
      "object_repr": "KOBRA",
      "action_flag": 3,
      "change_message": ""
   }
},
{
   "model": "admin.logentry",
   "pk": 101,
   "fields": {
      "action_time": "2018-09-29T16:07:45.751Z",
      "user": 1,
      "content_type": 15,
      "object_id": "6",
      "object_repr": "MONTANA GOLD",
      "action_flag": 3,
      "change_message": ""
   }
},
{
   "model": "admin.logentry",
   "pk": 102,
   "fields": {
      "action_time": "2018-09-29T16:07:45.838Z",
      "user": 1,
      "content_type": 15,
      "object_id": "5",
      "object_repr": "MONTANA GOLD",
      "action_flag": 3,
      "change_message": ""
   }
},
{
   "model": "admin.logentry",
   "pk": 103,
   "fields": {
      "action_time": "2018-09-29T16:07:45.948Z",
      "user": 1,
      "content_type": 15,
      "object_id": "4",
      "object_repr": "MONTANA GOLD",
      "action_flag": 3,
      "change_message": ""
   }
},
{
   "model": "admin.logentry",
   "pk": 104,
   "fields": {
      "action_time": "2018-09-29T16:07:46.051Z",
      "user": 1,
      "content_type": 15,
      "object_id": "3",
      "object_repr": "OTR 070 HARDTOBUFF",
      "action_flag": 3,
      "change_message": ""
   }
},
{
   "model": "admin.logentry",
   "pk": 105,
   "fields": {
      "action_time": "2018-09-29T16:07:46.160Z",
      "user": 1,
      "content_type": 15,
      "object_id": "2",
      "object_repr": "OTR 070 HARDTOBUFF",
      "action_flag": 3,
      "change_message": ""
   }
},
{
   "model": "admin.logentry",
   "pk": 106,
   "fields": {
      "action_time": "2018-09-29T16:07:46.248Z",
      "user": 1,
      "content_type": 15,
      "object_id": "1",
      "object_repr": "MONTANA GOLD",
      "action_flag": 3,
      "change_message": ""
   }
},
{
   "model": "admin.logentry",
   "pk": 107,
   "fields": {
      "action_time": "2018-09-30T09:39:20.992Z",
      "user": 1,
      "content_type": 15,
      "object_id": "16",
      "object_repr": "STREET MARKER",
      "action_flag": 3,
      "change_message": ""
   }
},
{
   "model": "admin.logentry",
   "pk": 108,
   "fields": {
      "action_time": "2018-09-30T09:39:21.088Z",
      "user": 1,
      "content_type": 15,
      "object_id": "15",
      "object_repr": "MTN NITRO 2G COLORS 500ml",
      "action_flag": 3,
      "change_message": ""
   }
},
{
   "model": "admin.logentry",
   "pk": 109,
   "fields": {
      "action_time": "2018-09-30T09:39:21.189Z",
      "user": 1,
      "content_type": 15,
      "object_id": "14",
      "object_repr": "OTR 084 CALLIGRAFFITI",
      "action_flag": 3,
      "change_message": ""
   }
},
{
   "model": "admin.logentry",
   "pk": 110,
   "fields": {
      "action_time": "2018-09-30T09:39:21.335Z",
      "user": 1,
      "content_type": 15,
      "object_id": "13",
      "object_repr": "MTN HARDCORE 2",
      "action_flag": 3,
      "change_message": ""
   }
},
{
   "model": "admin.logentry",
   "pk": 111,
   "fields": {
      "action_time": "2018-09-30T09:39:21.424Z",
      "user": 1,
      "content_type": 15,
      "object_id": "12",
      "object_repr": "MONTANA GOLD",
      "action_flag": 3,
      "change_message": ""
   }
},
{
   "model": "admin.logentry",
   "pk": 112,
   "fields": {
      "action_time": "2018-09-30T11:57:56.590Z",
      "user": 1,
      "content_type": 10,
      "object_id": "9",
      "object_repr": "OTR 084 CALLIGRAFFITI",
      "action_flag": 3,
      "change_message": ""
   }
},
{
   "model": "admin.logentry",
   "pk": 113,
   "fields": {
      "action_time": "2018-09-30T11:57:56.702Z",
      "user": 1,
      "content_type": 10,
      "object_id": "8",
      "object_repr": "OTR 070 HARDTOBUFF",
      "action_flag": 3,
      "change_message": ""
   }
},
{
   "model": "admin.logentry",
   "pk": 114,
   "fields": {
      "action_time": "2018-09-30T11:57:56.868Z",
      "user": 1,
      "content_type": 10,
      "object_id": "5",
      "object_repr": "OTR 070 HARDTOBUFF",
      "action_flag": 3,
      "change_message": ""
   }
},
{
   "model": "admin.logentry",
   "pk": 115,
   "fields": {
      "action_time": "2018-09-30T11:57:56.957Z",
      "user": 1,
      "content_type": 10,
      "object_id": "4",
      "object_repr": "OTR 084 CALLIGRAFFITI",
      "action_flag": 3,
      "change_message": ""
   }
},
{
   "model": "admin.logentry",
   "pk": 116,
   "fields": {
      "action_time": "2018-09-30T11:57:57.101Z",
      "user": 1,
      "content_type": 10,
      "object_id": "3",
      "object_repr": "OTR 070 HARDTOBUFF",
      "action_flag": 3,
      "change_message": ""
   }
},
{
   "model": "admin.logentry",
   "pk": 117,
   "fields": {
      "action_time": "2018-09-30T11:57:57.181Z",
      "user": 1,
      "content_type": 10,
      "object_id": "2",
      "object_repr": "OTR 070 HARDTOBUFF",
      "action_flag": 3,
      "change_message": ""
   }
},
{
   "model": "admin.logentry",
   "pk": 118,
   "fields": {
      "action_time": "2018-09-30T11:57:57.256Z",
      "user": 1,
      "content_type": 10,
      "object_id": "1",
      "object_repr": "OTR 070 HARDTOBUFF",
      "action_flag": 3,
      "change_message": ""
   }
},
{
   "model": "admin.logentry",
   "pk": 119,
   "fields": {
      "action_time": "2018-09-30T11:58:13.574Z",
      "user": 1,
      "content_type": 9,
      "object_id": "7",
      "object_repr": "\u0417\u0430\u043a\u0430\u0437 7 \u0421\u0442\u0430\u0442\u0443\u0441: \u041d\u043e\u0432\u044b\u0439 ",
      "action_flag": 3,
      "change_message": ""
   }
},
{
   "model": "admin.logentry",
   "pk": 120,
   "fields": {
      "action_time": "2018-09-30T11:58:13.686Z",
      "user": 1,
      "content_type": 9,
      "object_id": "6",
      "object_repr": "\u0417\u0430\u043a\u0430\u0437 6 \u0421\u0442\u0430\u0442\u0443\u0441: \u041d\u043e\u0432\u044b\u0439 ",
      "action_flag": 3,
      "change_message": ""
   }
},
{
   "model": "admin.logentry",
   "pk": 121,
   "fields": {
      "action_time": "2018-09-30T11:58:13.788Z",
      "user": 1,
      "content_type": 9,
      "object_id": "5",
      "object_repr": "\u0417\u0430\u043a\u0430\u0437 5 \u0421\u0442\u0430\u0442\u0443\u0441: \u041d\u043e\u0432\u044b\u0439 ",
      "action_flag": 3,
      "change_message": ""
   }
},
{
   "model": "admin.logentry",
   "pk": 122,
   "fields": {
      "action_time": "2018-09-30T11:58:13.939Z",
      "user": 1,
      "content_type": 9,
      "object_id": "4",
      "object_repr": "\u0417\u0430\u043a\u0430\u0437 4 \u0421\u0442\u0430\u0442\u0443\u0441: \u041d\u043e\u0432\u044b\u0439 ",
      "action_flag": 3,
      "change_message": ""
   }
},
{
   "model": "admin.logentry",
   "pk": 123,
   "fields": {
      "action_time": "2018-09-30T11:58:14.049Z",
      "user": 1,
      "content_type": 9,
      "object_id": "3",
      "object_repr": "\u0417\u0430\u043a\u0430\u0437 3 \u0421\u0442\u0430\u0442\u0443\u0441: \u041d\u043e\u0432\u044b\u0439 ",
      "action_flag": 3,
      "change_message": ""
   }
},
{
   "model": "admin.logentry",
   "pk": 124,
   "fields": {
      "action_time": "2018-09-30T11:58:14.157Z",
      "user": 1,
      "content_type": 9,
      "object_id": "2",
      "object_repr": "\u0417\u0430\u043a\u0430\u0437 2 \u0421\u0442\u0430\u0442\u0443\u0441: \u041d\u043e\u0432\u044b\u0439 ",
      "action_flag": 3,
      "change_message": ""
   }
},
{
   "model": "admin.logentry",
   "pk": 125,
   "fields": {
      "action_time": "2018-09-30T11:58:14.257Z",
      "user": 1,
      "content_type": 9,
      "object_id": "1",
      "object_repr": "\u0417\u0430\u043a\u0430\u0437 1 \u0421\u0442\u0430\u0442\u0443\u0441: \u041d\u043e\u0432\u044b\u0439 ",
      "action_flag": 3,
      "change_message": ""
   }
}
]
